-- =============================================
-- 商城推荐系统 测试数据
-- 日期范围：2026-01-10 至 2026-01-23
-- =============================================

USE mall_recommendation;

-- 清空现有数据（按外键顺序）
SET FOREIGN_KEY_CHECKS = 0;
TRUNCATE TABLE user_product_rating;
TRUNCATE TABLE browse_history;
TRUNCATE TABLE user_favorite;
TRUNCATE TABLE forum_comment;
TRUNCATE TABLE forum_post;
TRUNCATE TABLE product_comment;
TRUNCATE TABLE order_item;
TRUNCATE TABLE order_info;
TRUNCATE TABLE cart;
TRUNCATE TABLE product;
TRUNCATE TABLE product_category;
TRUNCATE TABLE sys_user;
SET FOREIGN_KEY_CHECKS = 1;

-- =============================================
-- 1. 用户数据（密码都是123456）
-- =============================================
INSERT INTO `sys_user` (`id`, `username`, `password`, `nickname`, `avatar`, `email`, `phone`, `gender`, `role`, `status`, `create_time`) VALUES
(1, 'admin', '$2a$10$Tnv5Vxbz/7g/gYtwi1aLV.KozFf1x1QVYvTry7E/GcrDCKeFvj0Ze', '系统管理员', 'https://cube.elemecdn.com/0/88/03b0d39583f48206768a7534e55bcpng.png', 'admin@mall.com', '13800000000', 1, 1, 1, '2026-01-10 08:00:00'),
(2, 'zhangsan', '$2a$10$znB89XMFgBEePy1Cfww1Z.dcZaRckPQ668Vi0zD7SxHo9ls6WS9YO', '张三', 'https://picsum.photos/id/64/200/200', 'zhangsan@qq.com', '13811111111', 1, 0, 1, '2026-01-10 09:00:00'),
(3, 'lisi', '$2a$10$znB89XMFgBEePy1Cfww1Z.dcZaRckPQ668Vi0zD7SxHo9ls6WS9YO', '李四', 'https://picsum.photos/id/65/200/200', 'lisi@qq.com', '13822222222', 1, 0, 1, '2026-01-10 10:00:00'),
(4, 'wangwu', '$2a$10$znB89XMFgBEePy1Cfww1Z.dcZaRckPQ668Vi0zD7SxHo9ls6WS9YO', '王五', 'https://picsum.photos/id/66/200/200', 'wangwu@qq.com', '13833333333', 2, 0, 1, '2026-01-11 08:00:00'),
(5, 'zhaoliu', '$2a$10$znB89XMFgBEePy1Cfww1Z.dcZaRckPQ668Vi0zD7SxHo9ls6WS9YO', '赵六', 'https://picsum.photos/id/67/200/200', 'zhaoliu@qq.com', '13844444444', 1, 0, 1, '2026-01-11 09:00:00'),
(6, 'xiaoming', '$2a$10$znB89XMFgBEePy1Cfww1Z.dcZaRckPQ668Vi0zD7SxHo9ls6WS9YO', '小明', 'https://picsum.photos/id/68/200/200', 'xiaoming@qq.com', '13855555555', 1, 0, 1, '2026-01-12 10:00:00'),
(7, 'xiaohong', '$2a$10$znB89XMFgBEePy1Cfww1Z.dcZaRckPQ668Vi0zD7SxHo9ls6WS9YO', '小红', 'https://picsum.photos/id/69/200/200', 'xiaohong@qq.com', '13866666666', 2, 0, 1, '2026-01-12 11:00:00'),
(8, 'test01', '$2a$10$znB89XMFgBEePy1Cfww1Z.dcZaRckPQ668Vi0zD7SxHo9ls6WS9YO', '测试用户01', 'https://picsum.photos/id/70/200/200', 'test01@qq.com', '13877777777', 0, 0, 1, '2026-01-13 08:00:00'),
(9, 'test02', '$2a$10$znB89XMFgBEePy1Cfww1Z.dcZaRckPQ668Vi0zD7SxHo9ls6WS9YO', '测试用户02', 'https://picsum.photos/id/71/200/200', 'test02@qq.com', '13888888888', 0, 0, 0, '2026-01-13 09:00:00'),
(10, 'seller01', '$2a$10$znB89XMFgBEePy1Cfww1Z.dcZaRckPQ668Vi0zD7SxHo9ls6WS9YO', '卖家小王', 'https://picsum.photos/id/72/200/200', 'seller01@qq.com', '13899999999', 1, 0, 1, '2026-01-14 10:00:00'),
(11, 'digifan', '$2a$10$znB89XMFgBEePy1Cfww1Z.dcZaRckPQ668Vi0zD7SxHo9ls6WS9YO', '数码小王子', 'https://picsum.photos/id/100/200/200', 'digifan@qq.com', '13900000001', 1, 0, 1, '2026-01-16 08:00:00'),
(12, 'sportsgirl', '$2a$10$znB89XMFgBEePy1Cfww1Z.dcZaRckPQ668Vi0zD7SxHo9ls6WS9YO', '运动少女', 'https://picsum.photos/id/101/200/200', 'sports@qq.com', '13900000002', 2, 0, 1, '2026-01-16 09:00:00'),
(13, 'coffeelover', '$2a$10$znB89XMFgBEePy1Cfww1Z.dcZaRckPQ668Vi0zD7SxHo9ls6WS9YO', '咖啡不加糖', 'https://picsum.photos/id/102/200/200', 'coffee@qq.com', '13900000003', 1, 0, 1, '2026-01-17 08:00:00'),
(14, 'bookworm', '$2a$10$znB89XMFgBEePy1Cfww1Z.dcZaRckPQ668Vi0zD7SxHo9ls6WS9YO', '啃书虫', 'https://picsum.photos/id/103/200/200', 'book@qq.com', '13900000004', 2, 0, 1, '2026-01-17 09:00:00'),
(15, 'homedecor', '$2a$10$znB89XMFgBEePy1Cfww1Z.dcZaRckPQ668Vi0zD7SxHo9ls6WS9YO', '家居美学', 'https://picsum.photos/id/104/200/200', 'home@qq.com', '13900000005', 0, 0, 1, '2026-01-18 08:00:00'),
(16, 'techgeek', '$2a$10$znB89XMFgBEePy1Cfww1Z.dcZaRckPQ668Vi0zD7SxHo9ls6WS9YO', '科技极客', 'https://picsum.photos/id/120/200/200', 'tech@qq.com', '13910000001', 1, 0, 1, '2026-01-16 10:00:00'),
(17, 'fashionista', '$2a$10$znB89XMFgBEePy1Cfww1Z.dcZaRckPQ668Vi0zD7SxHo9ls6WS9YO', '时尚达人', 'https://picsum.photos/id/121/200/200', 'fashion@qq.com', '13910000002', 2, 0, 1, '2026-01-16 11:00:00'),
(18, 'foodie', '$2a$10$znB89XMFgBEePy1Cfww1Z.dcZaRckPQ668Vi0zD7SxHo9ls6WS9YO', '吃货一枚', 'https://picsum.photos/id/122/200/200', 'foodie@qq.com', '13910000003', 2, 0, 1, '2026-01-16 12:00:00'),
(19, 'gamer', '$2a$10$znB89XMFgBEePy1Cfww1Z.dcZaRckPQ668Vi0zD7SxHo9ls6WS9YO', '游戏人生', 'https://picsum.photos/id/123/200/200', 'gamer@qq.com', '13910000004', 1, 0, 1, '2026-01-16 13:00:00'),
(20, 'fitness', '$2a$10$znB89XMFgBEePy1Cfww1Z.dcZaRckPQ668Vi0zD7SxHo9ls6WS9YO', '健身狂人', 'https://picsum.photos/id/124/200/200', 'fitness@qq.com', '13910000005', 1, 0, 1, '2026-01-16 14:00:00'),
(21, 'musiclover', '$2a$10$znB89XMFgBEePy1Cfww1Z.dcZaRckPQ668Vi0zD7SxHo9ls6WS9YO', '音乐发烧友', 'https://picsum.photos/id/125/200/200', 'music@qq.com', '13910000006', 1, 0, 1, '2026-01-17 08:00:00'),
(22, 'cameraman', '$2a$10$znB89XMFgBEePy1Cfww1Z.dcZaRckPQ668Vi0zD7SxHo9ls6WS9YO', '摄影爱好者', 'https://picsum.photos/id/126/200/200', 'photo@qq.com', '13910000007', 1, 0, 1, '2026-01-17 09:00:00'),
(23, 'petlover', '$2a$10$znB89XMFgBEePy1Cfww1Z.dcZaRckPQ668Vi0zD7SxHo9ls6WS9YO', '爱宠人士', 'https://picsum.photos/id/127/200/200', 'pet@qq.com', '13910000008', 2, 0, 1, '2026-01-17 10:00:00'),
(24, 'student01', '$2a$10$znB89XMFgBEePy1Cfww1Z.dcZaRckPQ668Vi0zD7SxHo9ls6WS9YO', '大学生小A', 'https://picsum.photos/id/128/200/200', 'stu01@qq.com', '13910000009', 1, 0, 1, '2026-01-17 11:00:00'),
(25, 'student02', '$2a$10$znB89XMFgBEePy1Cfww1Z.dcZaRckPQ668Vi0zD7SxHo9ls6WS9YO', '大学生小B', 'https://picsum.photos/id/129/200/200', 'stu02@qq.com', '13910000010', 2, 0, 1, '2026-01-17 12:00:00'),
(26, 'officer', '$2a$10$znB89XMFgBEePy1Cfww1Z.dcZaRckPQ668Vi0zD7SxHo9ls6WS9YO', '职场新人', 'https://picsum.photos/id/130/200/200', 'office@qq.com', '13910000011', 1, 0, 1, '2026-01-18 08:00:00'),
(27, 'homemaker', '$2a$10$znB89XMFgBEePy1Cfww1Z.dcZaRckPQ668Vi0zD7SxHo9ls6WS9YO', '居家能手', 'https://picsum.photos/id/131/200/200', 'home2@qq.com', '13910000012', 2, 0, 1, '2026-01-18 09:00:00'),
(28, 'traveler', '$2a$10$znB89XMFgBEePy1Cfww1Z.dcZaRckPQ668Vi0zD7SxHo9ls6WS9YO', '旅行背包客', 'https://picsum.photos/id/132/200/200', 'travel@qq.com', '13910000013', 1, 0, 1, '2026-01-18 10:00:00'),
(29, 'parent01', '$2a$10$znB89XMFgBEePy1Cfww1Z.dcZaRckPQ668Vi0zD7SxHo9ls6WS9YO', '宝妈一枚', 'https://picsum.photos/id/133/200/200', 'parent@qq.com', '13910000014', 2, 0, 1, '2026-01-18 11:00:00'),
(30, 'artist', '$2a$10$znB89XMFgBEePy1Cfww1Z.dcZaRckPQ668Vi0zD7SxHo9ls6WS9YO', '艺术青年', 'https://picsum.photos/id/134/200/200', 'art@qq.com', '13910000015', 1, 0, 1, '2026-01-19 08:00:00'),
(31, 'biker', '$2a$10$znB89XMFgBEePy1Cfww1Z.dcZaRckPQ668Vi0zD7SxHo9ls6WS9YO', '骑行爱好者', 'https://picsum.photos/id/135/200/200', 'bike@qq.com', '13910000016', 1, 0, 1, '2026-01-19 09:00:00'),
(32, 'runner', '$2a$10$znB89XMFgBEePy1Cfww1Z.dcZaRckPQ668Vi0zD7SxHo9ls6WS9YO', '跑者', 'https://picsum.photos/id/136/200/200', 'run@qq.com', '13910000017', 2, 0, 1, '2026-01-19 10:00:00'),
(33, 'baker', '$2a$10$znB89XMFgBEePy1Cfww1Z.dcZaRckPQ668Vi0zD7SxHo9ls6WS9YO', '烘焙小能手', 'https://picsum.photos/id/137/200/200', 'bake@qq.com', '13910000018', 2, 0, 1, '2026-01-19 11:00:00'),
(34, 'writer', '$2a$10$znB89XMFgBEePy1Cfww1Z.dcZaRckPQ668Vi0zD7SxHo9ls6WS9YO', '码字工人', 'https://picsum.photos/id/138/200/200', 'write@qq.com', '13910000019', 1, 0, 1, '2026-01-19 12:00:00'),
(35, 'teadrinker', '$2a$10$znB89XMFgBEePy1Cfww1Z.dcZaRckPQ668Vi0zD7SxHo9ls6WS9YO', '品茶人', 'https://picsum.photos/id/139/200/200', 'tea@qq.com', '13910000020', 2, 0, 1, '2026-01-20 08:00:00'),
(36, 'gardener', '$2a$10$znB89XMFgBEePy1Cfww1Z.dcZaRckPQ668Vi0zD7SxHo9ls6WS9YO', '园艺师', 'https://picsum.photos/id/140/200/200', 'garden@qq.com', '13910000021', 1, 0, 1, '2026-01-20 09:00:00'),
(37, 'collector', '$2a$10$znB89XMFgBEePy1Cfww1Z.dcZaRckPQ668Vi0zD7SxHo9ls6WS9YO', '手办收藏家', 'https://picsum.photos/id/141/200/200', 'collect@qq.com', '13910000022', 1, 0, 1, '2026-01-20 10:00:00'),
(38, 'mom', '$2a$10$znB89XMFgBEePy1Cfww1Z.dcZaRckPQ668Vi0zD7SxHo9ls6WS9YO', '二胎妈妈', 'https://picsum.photos/id/142/200/200', 'mom@qq.com', '13910000023', 2, 0, 1, '2026-01-20 11:00:00'),
(39, 'dad', '$2a$10$znB89XMFgBEePy1Cfww1Z.dcZaRckPQ668Vi0zD7SxHo9ls6WS9YO', '超级奶爸', 'https://picsum.photos/id/143/200/200', 'dad@qq.com', '13910000024', 1, 0, 1, '2026-01-20 12:00:00'),
(40, 'retiree', '$2a$10$znB89XMFgBEePy1Cfww1Z.dcZaRckPQ668Vi0zD7SxHo9ls6WS9YO', '退休生活', 'https://picsum.photos/id/144/200/200', 'retire@qq.com', '13910000025', 1, 0, 1, '2026-01-21 08:00:00');


-- =============================================
-- 2. 商品分类
-- =============================================
INSERT INTO `product_category` (`id`, `name`, `parent_id`, `sort`, `icon`, `status`, `create_time`) VALUES
(1, '数码电子', 0, 1, 'https://img.icons8.com/color/96/electronics.png', 1, '2026-01-10 08:00:00'),
(2, '服装服饰', 0, 2, 'https://img.icons8.com/color/96/clothes.png', 1, '2026-01-10 08:00:00'),
(3, '食品饮料', 0, 3, 'https://img.icons8.com/color/96/food-and-wine.png', 1, '2026-01-10 08:00:00'),
(4, '家居用品', 0, 4, 'https://img.icons8.com/color/96/home.png', 1, '2026-01-10 08:00:00'),
(5, '图书文具', 0, 5, 'https://img.icons8.com/color/96/books.png', 1, '2026-01-10 08:00:00'),
(6, '手机', 1, 1, 'https://img.icons8.com/?size=96&id=ucDmdolNWVSa&format=png&color=000000', 1, '2026-01-10 08:00:00'),
(7, '电脑', 1, 2, 'https://img.icons8.com/?size=100&id=dkJjwk0X5JYU&format=png&color=000000', 1, '2026-01-10 08:00:00'),
(8, '耳机', 1, 3, 'https://img.icons8.com/?size=100&id=ELDTQbwXQ8Eg&format=png&color=000000', 1, '2026-01-10 08:00:00'),
(9, '男装', 2, 1, 'https://img.icons8.com/?size=100&id=undefined&format=png&color=000000', 1, '2026-01-10 08:00:00'),
(10, '女装', 2, 2, 'https://img.icons8.com/?size=100&id=Oq5Uc5W6JAWy&format=png&color=000000', 1, '2026-01-10 08:00:00');

-- =============================================
-- 3. 商品数据
-- =============================================
INSERT INTO `product` (`id`, `name`, `category_id`, `user_id`, `price`, `original_price`, `stock`, `sales`, `main_image`, `images`, `description`, `detail`, `status`, `view_count`, `create_time`) VALUES
(1, 'iPhone 15 Pro Max 256GB', 6, 1, 9999.00, 10999.00, 100, 520, 'https://picsum.photos/id/1/800/800', 'https://picsum.photos/id/1/800/800,https://picsum.photos/id/2/800/800,https://picsum.photos/id/3/800/800', '苹果最新旗舰手机，A17 Pro芯片，钛金属边框', '<p>iPhone 15 Pro Max 搭载全新A17 Pro芯片，性能强劲。钛金属边框，更轻更耐用。</p>', 1, 2580, '2026-01-10 10:00:00'),
(2, 'MacBook Pro 14英寸 M3芯片', 7, 1, 14999.00, 16999.00, 50, 180, 'https://picsum.photos/id/4/800/800', 'https://picsum.photos/id/4/800/800,https://picsum.photos/id/5/800/800', '苹果笔记本电脑，M3芯片，16GB内存，512GB存储', '<p>MacBook Pro 14英寸，搭载M3芯片，性能卓越，续航持久。</p>', 1, 1200, '2026-01-10 11:00:00'),
(3, 'AirPods Pro 2代', 8, 1, 1899.00, 1999.00, 200, 890, 'https://picsum.photos/id/6/800/800', 'https://picsum.photos/id/6/800/800,https://picsum.photos/id/7/800/800', '苹果无线降噪耳机，主动降噪，空间音频', '<p>AirPods Pro 第二代，全新H2芯片，降噪效果提升2倍。</p>', 1, 3500, '2026-01-10 12:00:00'),
(4, '华为Mate 60 Pro', 6, 1, 6999.00, 7499.00, 80, 420, 'https://picsum.photos/id/8/800/800', 'https://picsum.photos/id/8/800/800,https://picsum.photos/id/9/800/800', '华为旗舰手机，麒麟芯片，卫星通话', '<p>华为Mate 60 Pro，搭载麒麟9000S芯片，支持卫星通话功能。</p>', 1, 1800, '2026-01-11 09:00:00'),
(5, '小米14 Ultra', 6, 10, 5999.00, 6299.00, 120, 350, 'https://picsum.photos/id/10/800/800', 'https://picsum.photos/id/10/800/800,https://picsum.photos/id/11/800/800', '小米旗舰手机，徕卡影像，骁龙8 Gen3', '<p>小米14 Ultra，与徕卡联合研发影像系统，拍照旗舰。</p>', 1, 1500, '2026-01-11 10:00:00'),
(6, '联想ThinkPad X1 Carbon', 7, 1, 11999.00, 13999.00, 30, 85, 'https://picsum.photos/id/12/800/800', 'https://picsum.photos/id/12/800/800,https://picsum.photos/id/13/800/800', '商务轻薄本，14英寸，i7处理器，16GB内存', '<p>ThinkPad X1 Carbon，商务人士首选，轻薄便携，性能强劲。</p>', 1, 650, '2026-01-11 11:00:00'),
(7, '索尼WH-1000XM5', 8, 1, 2499.00, 2999.00, 150, 280, 'https://picsum.photos/id/14/800/800', 'https://picsum.photos/id/14/800/800,https://picsum.photos/id/15/800/800', '索尼旗舰降噪耳机，30小时续航', '<p>索尼WH-1000XM5，业界顶级降噪，佩戴舒适，音质出色。</p>', 1, 980, '2026-01-12 09:00:00'),
(8, '优衣库男士羽绒服', 9, 10, 599.00, 799.00, 300, 1200, 'https://picsum.photos/id/16/800/800', 'https://picsum.photos/id/16/800/800,https://picsum.photos/id/17/800/800', '轻薄保暖羽绒服，90%白鸭绒', '<p>优衣库经典款羽绒服，轻薄保暖，多色可选。</p>', 1, 4500, '2026-01-12 10:00:00'),
(9, 'Nike Air Max 270', 9, 1, 899.00, 1099.00, 200, 650, 'https://picsum.photos/id/18/800/800', 'https://picsum.photos/id/18/800/800,https://picsum.photos/id/19/800/800', '耐克气垫运动鞋，舒适透气', '<p>Nike Air Max 270，大气垫设计，缓震舒适，时尚百搭。</p>', 1, 2200, '2026-01-12 11:00:00'),
(10, '连衣裙女夏季新款', 10, 10, 299.00, 399.00, 500, 2100, 'https://picsum.photos/id/20/800/800', 'https://picsum.photos/id/20/800/800,https://picsum.photos/id/21/800/800', '碎花连衣裙，清新甜美风格', '<p>夏季新款连衣裙，碎花设计，清新甜美，显瘦显高。</p>', 1, 6800, '2026-01-13 09:00:00'),
(11, '三只松鼠坚果礼盒', 3, 1, 168.00, 199.00, 1000, 3500, 'https://picsum.photos/id/22/800/800', 'https://picsum.photos/id/22/800/800,https://picsum.photos/id/23/800/800', '混合坚果礼盒，8种坚果，送礼佳品', '<p>三只松鼠坚果礼盒，精选8种坚果，新鲜美味，送礼首选。</p>', 1, 8900, '2026-01-13 10:00:00'),
(12, '农夫山泉矿泉水24瓶', 3, 1, 39.90, 49.90, 2000, 5800, 'https://picsum.photos/id/24/800/800', 'https://picsum.photos/id/24/800/800', '天然矿泉水，550ml*24瓶', '<p>农夫山泉，天然弱碱性水，健康饮用水首选。</p>', 1, 12000, '2026-01-13 11:00:00'),
(13, '小米智能台灯', 4, 1, 169.00, 199.00, 400, 1800, 'https://picsum.photos/id/25/800/800', 'https://picsum.photos/id/25/800/800,https://picsum.photos/id/26/800/800', '护眼台灯，智能调光，APP控制', '<p>小米智能台灯，无蓝光护眼，支持米家APP控制，多档调光。</p>', 1, 5600, '2026-01-14 09:00:00'),
(14, '宜家收纳盒套装', 4, 10, 89.00, 119.00, 600, 2400, 'https://picsum.photos/id/27/800/800', 'https://picsum.photos/id/27/800/800,https://picsum.photos/id/28/800/800', '桌面收纳盒，3件套，简约设计', '<p>宜家收纳盒套装，简约北欧风，整理桌面好帮手。</p>', 1, 7200, '2026-01-14 10:00:00'),
(15, '《深入理解Java虚拟机》', 5, 1, 89.00, 99.00, 300, 950, 'https://picsum.photos/id/29/800/800', 'https://picsum.photos/id/29/800/800', 'Java开发必读经典，周志明著', '<p>Java开发者必读书籍，深入讲解JVM原理，第3版全新升级。</p>', 1, 3200, '2026-01-14 11:00:00'),
(16, '得力文具套装', 5, 1, 49.90, 69.90, 800, 3200, 'https://picsum.photos/id/30/800/800', 'https://picsum.photos/id/30/800/800,https://picsum.photos/id/31/800/800', '学生文具套装，笔记本+中性笔+荧光笔', '<p>得力文具套装，开学必备，高品质文具组合。</p>', 1, 9500, '2026-01-15 09:00:00'),
(17, 'iPad Air 5代', 7, 1, 4799.00, 5299.00, 60, 220, 'https://picsum.photos/id/32/800/800', 'https://picsum.photos/id/32/800/800,https://picsum.photos/id/33/800/800', '苹果平板电脑，M1芯片，10.9英寸', '<p>iPad Air 第5代，搭载M1芯片，性能强劲，支持Apple Pencil。</p>', 1, 1100, '2026-01-15 10:00:00'),
(18, '戴森V15吸尘器', 4, 1, 4990.00, 5490.00, 40, 120, 'https://picsum.photos/id/34/800/800', 'https://picsum.photos/id/34/800/800,https://picsum.photos/id/35/800/800', '戴森无线吸尘器，激光探测灰尘', '<p>戴森V15，激光探测技术，智能显示灰尘数量，深度清洁。</p>', 1, 680, '2026-01-15 11:00:00'),
(19, '星巴克咖啡豆1kg', 3, 10, 198.00, 238.00, 250, 680, 'https://picsum.photos/id/36/800/800', 'https://picsum.photos/id/36/800/800', '星巴克精选咖啡豆，中度烘焙', '<p>星巴克精选阿拉比卡咖啡豆，中度烘焙，香醇浓郁。</p>', 1, 2100, '2026-01-16 09:00:00'),
(20, '阿迪达斯运动T恤', 9, 1, 299.00, 399.00, 400, 1500, 'https://picsum.photos/id/37/800/800', 'https://picsum.photos/id/37/800/800,https://picsum.photos/id/38/800/800', '速干运动T恤，透气舒适', '<p>阿迪达斯运动T恤，CLIMALITE速干面料，运动必备。</p>', 1, 4800, '2026-01-16 10:00:00'),
(21, 'Samsung Galaxy S24 Ultra', 6, 1, 9699.00, 10199.00, 80, 280, 'https://picsum.photos/id/60/800/800', 'https://picsum.photos/id/60/800/800,https://picsum.photos/id/61/800/800', '三星AI旗舰手机，2亿像素，S Pen内置', '<p>Galaxy S24 Ultra，AI智能体验，顶级屏幕，游戏利器。</p>', 1, 1600, '2026-01-17 10:00:00'),
(22, 'DJI Mini 4 Pro 无人机', 1, 1, 4788.00, 5188.00, 40, 95, 'https://picsum.photos/id/62/800/800', 'https://picsum.photos/id/62/800/800,https://picsum.photos/id/63/800/800', '大疆迷你航拍无人机，全向避障，4K拍摄', '<p>DJI Mini 4 Pro，轻便出行，专业画质，新手友好。</p>', 1, 850, '2026-01-17 11:00:00'),
(23, 'Bose QuietComfort Ultra 耳机', 8, 1, 2699.00, 2999.00, 120, 310, 'https://picsum.photos/id/64/800/800', 'https://picsum.photos/id/64/800/800,https://picsum.photos/id/65/800/800', 'Bose顶级消噪耳机，沉浸式空间音频', '<p>Bose QC Ultra，极致降噪，佩戴舒适如云朵。</p>', 1, 1300, '2026-01-18 09:00:00'),
(24, 'Lululemon Align 瑜伽裤', 10, 10, 550.00, 650.00, 300, 780, 'https://picsum.photos/id/66/800/800', 'https://picsum.photos/id/66/800/800,https://picsum.photos/id/67/800/800', '裸感亲肤瑜伽裤，高腰提臀', '<p>Lululemon明星产品，舒适无束缚，运动必备。</p>', 1, 2300, '2026-01-18 10:00:00'),
(25, 'Yonex 羽毛球拍 Nanoflare', 9, 1, 699.00, 899.00, 150, 420, 'https://picsum.photos/id/68/800/800', 'https://picsum.photos/id/68/800/800', '尤尼克斯速度型球拍，扣杀犀利', '<p>Yonex Nanoflare系列，头轻杆硬，快速挥拍。</p>', 1, 1100, '2026-01-18 11:00:00'),
(26, 'Keep 智能计数跳绳', 1, 1, 79.00, 99.00, 500, 1800, 'https://picsum.photos/id/69/800/800', 'https://picsum.photos/id/69/800/800', '无绳/有绳两用，APP课程跟练', '<p>Keep智能跳绳，精准计数，燃脂高效。</p>', 1, 4200, '2026-01-19 09:00:00'),
(27, 'Illy 深度烘焙咖啡粉 250g', 3, 10, 89.00, 109.00, 400, 920, 'https://picsum.photos/id/70/800/800', 'https://picsum.photos/id/70/800/800', '意大利进口，经典意式浓缩风味', '<p>Illy咖啡粉，口感醇厚，油脂丰富，适合摩卡壶/意式机。</p>', 1, 2800, '2026-01-19 10:00:00'),
(28, '德龙 EC685 半自动咖啡机', 1, 1, 1399.00, 1599.00, 60, 190, 'https://picsum.photos/id/71/800/800', 'https://picsum.photos/id/71/800/800,https://picsum.photos/id/72/800/800', '家用意式咖啡机，15巴泵压，奶泡系统', '<p>德龙复古咖啡机，在家轻松做拿铁卡布奇诺。</p>', 1, 980, '2026-01-19 11:00:00'),
(29, '明治 72% 黑巧克力 礼盒', 3, 1, 59.90, 79.90, 600, 1500, 'https://picsum.photos/id/73/800/800', 'https://picsum.photos/id/73/800/800', '日本进口，低糖高可可，微苦醇香', '<p>明治黑巧，健康小零食，不含代可可脂。</p>', 1, 3900, '2026-01-20 09:00:00'),
(30, '《架构整洁之道》', 5, 1, 79.00, 99.00, 250, 680, 'https://picsum.photos/id/74/800/800', 'https://picsum.photos/id/74/800/800', 'Robert C. Martin 经典著作', '<p>代码质量与架构设计的必读经典，程序员进阶手册。</p>', 1, 1900, '2026-01-20 10:00:00'),
(31, 'Moleskine 经典横线笔记本', 5, 1, 189.00, 219.00, 200, 520, 'https://picsum.photos/id/75/800/800', 'https://picsum.photos/id/75/800/800', '意大利传奇笔记本，硬面封面', '<p>Moleskine笔记本，纸张顺滑，梵高海明威同款。</p>', 1, 1400, '2026-01-20 11:00:00'),
(32, 'MUJI 超声波香薰机', 4, 10, 388.00, 448.00, 180, 680, 'https://picsum.photos/id/76/800/800', 'https://picsum.photos/id/76/800/800,https://picsum.photos/id/77/800/800', '无印良品加湿器/香薰机，暖光夜灯', '<p>MUJI经典设计，雾气细腻，让房间充满自然香气。</p>', 1, 2100, '2026-01-21 09:00:00'),
(33, 'ZARA HOME 香薰蜡烛', 4, 1, 199.00, 259.00, 250, 890, 'https://picsum.photos/id/78/800/800', 'https://picsum.photos/id/78/800/800', '植物香薰蜡烛，栀子花/檀香', '<p>ZARA HOME香薰，提升居家幸福感，燃烧时长45小时。</p>', 1, 2700, '2026-01-21 10:00:00'),
(34, 'iPad Pro 12.9英寸 M2芯片', 7, 1, 9299.00, 10299.00, 45, 150, 'https://picsum.photos/id/84/800/800', 'https://picsum.photos/id/84/800/800,https://picsum.photos/id/85/800/800', '苹果旗舰平板，M2芯片，XDR显示屏', '<p>iPad Pro，性能怪兽，专业创作工具。</p>', 1, 980, '2026-01-17 09:00:00'),
(35, '罗技 MX Master 3S 鼠标', 1, 1, 699.00, 899.00, 300, 1200, 'https://picsum.photos/id/86/800/800', 'https://picsum.photos/id/86/800/800', '静音无线办公鼠标，电磁滚轮', '<p>罗技旗舰办公鼠标，人体工学设计，多设备连接。</p>', 1, 3500, '2026-01-17 10:00:00'),
(36, 'Keychron K3 Pro 机械键盘', 1, 1, 599.00, 749.00, 200, 780, 'https://picsum.photos/id/87/800/800', 'https://picsum.photos/id/87/800/800', '矮轴无线机械键盘，QMK/VIA支持', '<p>Keychron K3 Pro，轻薄便携，适合程序员。</p>', 1, 2100, '2026-01-17 11:00:00'),
(37, 'Sony A7M4 全画幅微单', 1, 1, 16999.00, 18999.00, 25, 80, 'https://picsum.photos/id/88/800/800', 'https://picsum.photos/id/88/800/800,https://picsum.photos/id/89/800/800', '3300万像素，4K 60p视频', '<p>索尼全画幅新基准，拍照视频双修。</p>', 1, 620, '2026-01-18 09:00:00'),
(38, 'GoPro HERO12 Black', 1, 1, 3198.00, 3498.00, 60, 220, 'https://picsum.photos/id/90/800/800', 'https://picsum.photos/id/90/800/800', '运动相机，5.3K视频，HyperSmooth 6.0', '<p>GoPro最新款，户外运动拍摄利器。</p>', 1, 1100, '2026-01-18 10:00:00'),
(39, 'Switch OLED 游戏机', 1, 1, 2199.00, 2499.00, 120, 560, 'https://picsum.photos/id/91/800/800', 'https://picsum.photos/id/91/800/800,https://picsum.photos/id/92/800/800', '任天堂游戏机，7英寸OLED屏幕', '<p>Switch OLED版，家庭娱乐必备。</p>', 1, 2800, '2026-01-18 11:00:00'),
(40, 'PS5 光驱版', 1, 1, 4299.00, 4799.00, 50, 320, 'https://picsum.photos/id/93/800/800', 'https://picsum.photos/id/93/800/800', '索尼次世代游戏主机', '<p>PlayStation 5，超高速SSD，沉浸式游戏体验。</p>', 1, 1900, '2026-01-19 09:00:00'),
(41, '小米手环8 Pro', 1, 1, 399.00, 449.00, 600, 2100, 'https://picsum.photos/id/94/800/800', 'https://picsum.photos/id/94/800/800', '1.74英寸大屏，独立GPS', '<p>小米手环Pro，时尚运动伴侣。</p>', 1, 5800, '2026-01-19 10:00:00'),
(42, 'ZARA 女士风衣', 10, 10, 799.00, 999.00, 180, 650, 'https://picsum.photos/id/95/800/800', 'https://picsum.photos/id/95/800/800,https://picsum.photos/id/96/800/800', '中长款双排扣风衣，经典卡其色', '<p>ZARA秋季新款，气质通勤风衣。</p>', 1, 1800, '2026-01-19 11:00:00'),
(43, 'UNIQLO 女士衬衫', 10, 10, 199.00, 249.00, 400, 1500, 'https://picsum.photos/id/97/800/800', 'https://picsum.photos/id/97/800/800', '抗皱易打理，通勤百搭', '<p>优衣库基础款衬衫，职场必备。</p>', 1, 4200, '2026-01-20 09:00:00'),
(44, 'Adidas Ultraboost 跑鞋', 9, 1, 1299.00, 1499.00, 150, 480, 'https://picsum.photos/id/98/800/800', 'https://picsum.photos/id/98/800/800', 'Boost中底，能量反馈', '<p>Adidas顶级跑鞋，踩屎感十足。</p>', 1, 1500, '2026-01-20 10:00:00'),
(45, 'New Balance 327 复古鞋', 9, 1, 759.00, 899.00, 220, 890, 'https://picsum.photos/id/99/800/800', 'https://picsum.photos/id/99/800/800', '复古潮流，日常穿搭', '<p>NB 327系列，复古跑鞋风格。</p>', 1, 2600, '2026-01-20 11:00:00'),
(46, '李宁 运动卫衣', 9, 10, 239.00, 299.00, 350, 1300, 'https://picsum.photos/id/100/800/800', 'https://picsum.photos/id/100/800/800', '加绒保暖，国潮设计', '<p>李宁卫衣，运动休闲两相宜。</p>', 1, 3800, '2026-01-21 09:00:00'),
(47, 'Champion 棒球帽', 9, 1, 189.00, 229.00, 500, 2200, 'https://picsum.photos/id/101/800/800', 'https://picsum.photos/id/101/800/800', '刺绣Logo，男女同款', '<p>Champion经典棒球帽，潮流百搭。</p>', 1, 6800, '2026-01-21 10:00:00'),
(48, '瑞士莲 软心巧克力 礼盒', 3, 1, 138.00, 168.00, 800, 2800, 'https://picsum.photos/id/102/800/800', 'https://picsum.photos/id/102/800/800', '入口即化，五种口味', '<p>瑞士莲软心巧克力，节日送礼佳品。</p>', 1, 7500, '2026-01-21 11:00:00'),
(49, '拉面说 豚骨拉面 6盒', 3, 10, 89.00, 119.00, 1000, 4500, 'https://picsum.photos/id/103/800/800', 'https://picsum.photos/id/103/800/800', '非油炸，浓汤大肉', '<p>拉面说，在家也能吃到正宗日式拉面。</p>', 1, 12800, '2026-01-22 09:00:00'),
(50, '三顿半 超即溶咖啡 24颗', 3, 1, 189.00, 219.00, 600, 3200, 'https://picsum.photos/id/104/800/800', 'https://picsum.photos/id/104/800/800', '冷萃超即溶，1-6号烘焙', '<p>三顿半精品咖啡，3秒即溶。</p>', 1, 8900, '2026-01-22 10:00:00'),
(51, '茶颜悦色 习惯茶 7包', 3, 1, 49.90, 69.90, 1200, 5800, 'https://picsum.photos/id/105/800/800', 'https://picsum.photos/id/105/800/800', '蜜桃乌龙/桂花乌龙', '<p>茶颜悦色袋泡茶，清新果香。</p>', 1, 15600, '2026-01-22 11:00:00'),
(52, '小米空气净化器 4 Pro', 4, 1, 1199.00, 1399.00, 200, 980, 'https://picsum.photos/id/106/800/800', 'https://picsum.photos/id/106/800/800', '除甲醛，除菌，负离子', '<p>小米空气净化器，守护家人呼吸健康。</p>', 1, 3200, '2026-01-23 09:00:00'),
(53, 'Bruno 多功能料理锅', 4, 10, 1099.00, 1299.00, 120, 460, 'https://picsum.photos/id/107/800/800', 'https://picsum.photos/id/107/800/800,https://picsum.photos/id/108/800/800', '标配深锅+烤盘，颜值高', '<p>Bruno料理锅，一锅搞定煎烤炖煮。</p>', 1, 1800, '2026-01-23 10:00:00'),
(54, '九阳 破壁机', 4, 1, 599.00, 799.00, 300, 1500, 'https://picsum.photos/id/109/800/800', 'https://picsum.photos/id/109/800/800', '免滤豆浆，一键清洗', '<p>九阳破壁机，细腻无渣，营养早餐。</p>', 1, 4800, '2026-01-23 11:00:00'),
(55, 'IKEA 拉克边桌', 4, 1, 49.00, 69.00, 800, 4200, 'https://picsum.photos/id/110/800/800', 'https://picsum.photos/id/110/800/800', '经典设计，多功能用途', '<p>宜家爆款边桌，租房必备。</p>', 1, 13200, '2026-01-24 09:00:00'),
(56, 'Dyson 吹风机 Supersonic', 4, 1, 3190.00, 3590.00, 80, 340, 'https://picsum.photos/id/111/800/800', 'https://picsum.photos/id/111/800/800', '智能温控，快速干发', '<p>戴森吹风机，呵护秀发。</p>', 1, 1600, '2026-01-24 10:00:00'),
(57, '摩飞 便携烧水壶', 4, 1, 239.00, 279.00, 400, 2100, 'https://picsum.photos/id/112/800/800', 'https://picsum.photos/id/112/800/800', '316不锈钢，5分钟烧开', '<p>摩飞烧水壶，出差旅行必备。</p>', 1, 6800, '2026-01-24 11:00:00'),
(58, '《Python编程 从入门到实践》', 5, 1, 89.00, 109.00, 500, 2800, 'https://picsum.photos/id/113/800/800', 'https://picsum.photos/id/113/800/800', 'Python入门经典，第3版', '<p>零基础学Python，附赠源代码。</p>', 1, 8500, '2026-01-25 09:00:00'),
(59, '《原子习惯》', 5, 1, 68.00, 88.00, 400, 1900, 'https://picsum.photos/id/114/800/800', 'https://picsum.photos/id/114/800/800', '细微改变带来巨大成就', '<p>习惯养成类畅销书，提升自律。</p>', 1, 5600, '2026-01-25 10:00:00'),
(60, 'PILOT 百乐笔 12支装', 5, 1, 79.00, 99.00, 1000, 5800, 'https://picsum.photos/id/115/800/800', 'https://picsum.photos/id/115/800/800', '顺滑书写，考试专用', '<p>百乐中性笔，学生党必备。</p>', 1, 16800, '2026-01-25 11:00:00'),
(61, '国誉 活页本', 5, 1, 39.90, 49.90, 1200, 7200, 'https://picsum.photos/id/116/800/800', 'https://picsum.photos/id/116/800/800', '日本进口，纸张顺滑', '<p>国誉活页本，笔记神器。</p>', 1, 21200, '2026-01-26 09:00:00'),
(62, '迪卡侬 徒步登山包 30L', 9, 1, 199.00, 249.00, 300, 1200, 'https://picsum.photos/id/117/800/800', 'https://picsum.photos/id/117/800/800', '轻便透气，多口袋', '<p>迪卡侬登山包，短途徒步首选。</p>', 1, 3600, '2026-01-26 10:00:00'),
(63, 'Keep 瑜伽垫', 9, 1, 129.00, 159.00, 600, 3600, 'https://picsum.photos/id/118/800/800', 'https://picsum.photos/id/118/800/800', '天然橡胶，防滑耐磨', '<p>Keep瑜伽垫，专业健身伙伴。</p>', 1, 11200, '2026-01-26 11:00:00'),
(64, '骆驼 冲锋衣', 9, 10, 399.00, 499.00, 250, 980, 'https://picsum.photos/id/119/800/800', 'https://picsum.photos/id/119/800/800', '防风防水，三合一', '<p>骆驼冲锋衣，户外出行必备。</p>', 1, 2900, '2026-01-27 09:00:00'),
(65, '皇家 猫粮 2kg', 3, 1, 189.00, 219.00, 400, 2200, 'https://picsum.photos/id/145/800/800', 'https://picsum.photos/id/145/800/800', '成猫粮，营养均衡', '<p>皇家猫粮，呵护猫咪健康。</p>', 1, 6800, '2026-01-27 10:00:00'),
(66, '小佩 智能猫砂盆', 4, 1, 899.00, 1099.00, 80, 320, 'https://picsum.photos/id/146/800/800', 'https://picsum.photos/id/146/800/800,https://picsum.photos/id/147/800/800', '自动铲屎，APP监控', '<p>小佩猫砂盆，解放铲屎官双手。</p>', 1, 1500, '2026-01-27 11:00:00'),
(67, 'ZEAL 宠物牛奶', 3, 1, 19.90, 25.90, 2000, 8500, 'https://picsum.photos/id/148/800/800', 'https://picsum.photos/id/148/800/800', '0乳糖，猫狗通用', '<p>ZEAL宠物奶，给主子补充营养。</p>', 1, 23200, '2026-01-28 09:00:00'),
(68, 'Babycare 湿巾 80抽*12包', 4, 1, 89.00, 119.00, 1500, 7800, 'https://picsum.photos/id/149/800/800', 'https://picsum.photos/id/149/800/800', '无酒精，手口专用', '<p>Babycare湿巾，宝妈无限回购。</p>', 1, 23600, '2026-01-28 10:00:00'),
(69, '贝亲 奶瓶 240ml', 4, 1, 79.00, 99.00, 800, 4800, 'https://picsum.photos/id/150/800/800', 'https://picsum.photos/id/150/800/800', 'PPSU材质，宽口径', '<p>贝亲奶瓶，日本母婴品牌。</p>', 1, 14500, '2026-01-28 11:00:00'),
(70, '好孩子 婴儿推车', 4, 10, 899.00, 1199.00, 100, 380, 'https://picsum.photos/id/151/800/800', 'https://picsum.photos/id/151/800/800', '轻便可折叠，避震', '<p>好孩子推车，单手收车，出行方便。</p>', 1, 1300, '2026-01-29 09:00:00'),
(71, 'SK-II 神仙水 230ml', 4, 1, 1590.00, 1790.00, 120, 680, 'https://picsum.photos/id/152/800/800', 'https://picsum.photos/id/152/800/800', '精华水，保湿提亮', '<p>SK-II明星产品，送女友首选。</p>', 1, 2200, '2026-01-29 10:00:00'),
(72, '周大福 黄金转运珠', 1, 1, 688.00, 788.00, 200, 1200, 'https://picsum.photos/id/153/800/800', 'https://picsum.photos/id/153/800/800', '足金，祈福平安', '<p>周大福黄金，本命年礼物。</p>', 1, 3600, '2026-01-29 11:00:00'),
(73, '野兽派 香薰礼盒', 4, 10, 399.00, 499.00, 300, 1500, 'https://picsum.photos/id/154/800/800', 'https://picsum.photos/id/154/800/800', '散香器+蜡烛套装', '<p>野兽派香薰，提升生活仪式感。</p>', 1, 4800, '2026-01-30 09:00:00'),
(74, 'Anker 充电宝 20000mAh', 1, 1, 159.00, 199.00, 1000, 5200, 'https://picsum.photos/id/155/800/800', 'https://picsum.photos/id/155/800/800', 'PD快充，数显电量', '<p>Anker充电宝，苹果安卓通用。</p>', 1, 16200, '2026-01-30 10:00:00'),
(75, 'Belkin 手机支架', 1, 1, 89.00, 109.00, 600, 2800, 'https://picsum.photos/id/156/800/800', 'https://picsum.photos/id/156/800/800', 'MagSafe磁吸，桌面/车载', '<p>Belkin支架，追剧神器。</p>', 1, 8200, '2026-01-30 11:00:00'),
(76, '绿联 扩展坞 6合1', 1, 1, 199.00, 249.00, 400, 1900, 'https://picsum.photos/id/157/800/800', 'https://picsum.photos/id/157/800/800', 'HDMI/USB/PD充电', '<p>绿联扩展坞，笔记本好搭档。</p>', 1, 5800, '2026-01-31 09:00:00'),
(77, '沃隆 每日坚果 30包', 3, 1, 139.00, 159.00, 1500, 8900, 'https://picsum.photos/id/158/800/800', 'https://picsum.photos/id/158/800/800', '混合果仁，独立包装', '<p>沃隆每日坚果，营养早餐。</p>', 1, 26800, '2026-01-31 10:00:00'),
(78, '认养一头牛 纯牛奶 12盒', 3, 1, 59.00, 69.00, 2000, 12000, 'https://picsum.photos/id/159/800/800', 'https://picsum.photos/id/159/800/800', '生牛乳，无添加', '<p>认养一头牛，孩子爱喝的牛奶。</p>', 1, 35600, '2026-01-31 11:00:00'),
(79, '轩妈 蛋黄酥 6枚', 3, 10, 45.00, 55.00, 2500, 15800, 'https://picsum.photos/id/160/800/800', 'https://picsum.photos/id/160/800/800', '雪媚娘，红豆味', '<p>轩妈蛋黄酥，网红零食。</p>', 1, 45200, '2026-02-01 09:00:00'),
(80, '蕉下 防晒衣', 10, 10, 209.00, 249.00, 600, 3200, 'https://picsum.photos/id/161/800/800', 'https://picsum.photos/id/161/800/800', 'UPF50+，透气凉感', '<p>蕉下防晒衣，夏季出行必备。</p>', 1, 9600, '2026-02-01 10:00:00');


-- =============================================
-- 4. 购物车数据
-- =============================================
INSERT INTO `cart` (`id`, `user_id`, `product_id`, `quantity`, `selected`, `create_time`) VALUES
(1, 2, 1, 1, 1, '2026-01-15 14:00:00'),
(2, 2, 3, 2, 1, '2026-01-15 14:30:00'),
(3, 2, 11, 1, 0, '2026-01-15 15:00:00'),
(4, 3, 4, 1, 1, '2026-01-16 09:00:00'),
(5, 3, 8, 2, 1, '2026-01-16 09:30:00'),
(6, 4, 10, 3, 1, '2026-01-16 10:00:00'),
(7, 4, 14, 2, 1, '2026-01-16 10:30:00'),
(8, 5, 2, 1, 1, '2026-01-17 08:00:00'),
(9, 5, 7, 1, 0, '2026-01-17 08:30:00'),
(10, 6, 15, 1, 1, '2026-01-17 09:00:00'),
(11, 6, 16, 2, 1, '2026-01-17 09:30:00'),
(12, 7, 9, 1, 1, '2026-01-18 10:00:00'),
(13, 7, 20, 2, 1, '2026-01-18 10:30:00'),
(14, 11, 21, 1, 1, '2026-01-20 09:00:00'),
(15, 11, 22, 1, 1, '2026-01-20 09:30:00'),
(16, 12, 24, 2, 1, '2026-01-20 10:00:00'),
(17, 12, 26, 1, 1, '2026-01-20 10:30:00'),
(18, 13, 27, 3, 1, '2026-01-20 11:00:00'),
(19, 14, 30, 1, 1, '2026-01-20 11:30:00'),
(20, 14, 31, 2, 1, '2026-01-20 12:00:00'),
(21, 15, 32, 1, 1, '2026-01-21 08:00:00'),
(22, 15, 33, 2, 1, '2026-01-21 08:30:00'),
(23, 16, 34, 1, 1, '2026-01-20 09:00:00'),
(24, 16, 36, 1, 1, '2026-01-20 09:30:00'),
(25, 16, 74, 2, 1, '2026-01-20 10:00:00'),
(26, 17, 42, 1, 1, '2026-01-20 10:30:00'),
(27, 17, 43, 2, 1, '2026-01-20 11:00:00'),
(28, 17, 80, 1, 1, '2026-01-20 11:30:00'),
(29, 18, 48, 1, 1, '2026-01-20 12:00:00'),
(30, 18, 49, 1, 1, '2026-01-20 12:30:00'),
(31, 18, 77, 2, 1, '2026-01-20 13:00:00'),
(32, 19, 39, 1, 1, '2026-01-20 13:30:00'),
(33, 19, 40, 1, 1, '2026-01-20 14:00:00'),
(34, 19, 35, 1, 1, '2026-01-20 14:30:00'),
(35, 20, 41, 1, 1, '2026-01-21 09:00:00'),
(36, 20, 44, 1, 1, '2026-01-21 09:30:00'),
(37, 20, 63, 1, 1, '2026-01-21 10:00:00'),
(38, 21, 7, 1, 1, '2026-01-21 10:30:00'),
(39, 21, 23, 1, 1, '2026-01-21 11:00:00'),
(40, 22, 37, 1, 1, '2026-01-21 11:30:00'),
(41, 22, 38, 1, 1, '2026-01-21 12:00:00'),
(42, 23, 65, 2, 1, '2026-01-21 12:30:00'),
(43, 23, 66, 1, 1, '2026-01-21 13:00:00'),
(44, 23, 67, 3, 1, '2026-01-21 13:30:00'),
(45, 24, 35, 1, 1, '2026-01-22 09:00:00'),
(46, 24, 58, 1, 1, '2026-01-22 09:30:00'),
(47, 24, 60, 2, 1, '2026-01-22 10:00:00'),
(48, 25, 59, 1, 1, '2026-01-22 10:30:00'),
(49, 25, 61, 1, 1, '2026-01-22 11:00:00'),
(50, 25, 45, 1, 1, '2026-01-22 11:30:00'),
(51, 26, 35, 1, 1, '2026-01-22 12:00:00'),
(52, 26, 36, 1, 1, '2026-01-22 12:30:00'),
(53, 26, 43, 1, 1, '2026-01-22 13:00:00'),
(54, 27, 52, 1, 1, '2026-01-22 13:30:00'),
(55, 27, 53, 1, 1, '2026-01-22 14:00:00'),
(56, 27, 54, 1, 1, '2026-01-22 14:30:00'),
(57, 28, 38, 1, 1, '2026-01-23 09:00:00'),
(58, 28, 57, 1, 1, '2026-01-23 09:30:00'),
(59, 28, 62, 1, 1, '2026-01-23 10:00:00'),
(60, 29, 68, 2, 1, '2026-01-23 10:30:00'),
(61, 29, 69, 1, 1, '2026-01-23 11:00:00'),
(62, 38, 70, 1, 1, '2026-01-23 11:30:00'),
(63, 39, 68, 1, 1, '2026-01-23 12:00:00'),
(64, 30, 71, 1, 1, '2026-01-23 12:30:00'),
(65, 31, 64, 1, 1, '2026-01-23 13:00:00'),
(66, 32, 44, 1, 1, '2026-01-23 13:30:00'),
(67, 33, 53, 1, 1, '2026-01-23 14:00:00'),
(68, 34, 58, 1, 1, '2026-01-23 14:30:00'),
(69, 35, 50, 1, 1, '2026-01-23 15:00:00'),
(70, 36, 55, 1, 1, '2026-01-23 15:30:00'),
(71, 37, 39, 1, 1, '2026-01-23 16:00:00'),
(72, 40, 54, 1, 1, '2026-01-23 16:30:00');

-- =============================================
-- 5. 订单数据
-- =============================================
INSERT INTO `order_info` (`id`, `order_no`, `user_id`, `total_amount`, `pay_amount`, `status`, `receiver_name`, `receiver_phone`, `receiver_address`, `remark`, `pay_time`, `deliver_time`, `receive_time`, `create_time`) VALUES
(1, '202601100001', 2, 11898.00, 11898.00, 3, '张三', '13811111111', '北京市朝阳区xxx街道xxx号', '请尽快发货', '2026-01-10 15:00:00', '2026-01-11 09:00:00', '2026-01-13 10:00:00', '2026-01-10 14:00:00'),
(2, '202601110001', 3, 6999.00, 6999.00, 3, '李四', '13822222222', '上海市浦东新区xxx路xxx号', NULL, '2026-01-11 11:00:00', '2026-01-12 08:00:00', '2026-01-14 15:00:00', '2026-01-11 10:30:00'),
(3, '202601120001', 4, 897.00, 897.00, 3, '王五', '13833333333', '广州市天河区xxx大道xxx号', '送货上门', '2026-01-12 14:00:00', '2026-01-13 09:00:00', '2026-01-15 11:00:00', '2026-01-12 13:00:00'),
(4, '202601130001', 5, 14999.00, 14999.00, 2, '赵六', '13844444444', '深圳市南山区xxx科技园xxx栋', NULL, '2026-01-13 16:00:00', '2026-01-14 10:00:00', NULL, '2026-01-13 15:30:00'),
(5, '202601140001', 6, 336.00, 336.00, 2, '小明', '13855555555', '杭州市西湖区xxx小区xxx单元', '工作日送货', '2026-01-14 12:00:00', '2026-01-15 08:00:00', NULL, '2026-01-14 11:00:00'),
(6, '202601150001', 7, 1198.00, 1198.00, 1, '小红', '13866666666', '成都市武侯区xxx街xxx号', NULL, '2026-01-15 17:00:00', NULL, NULL, '2026-01-15 16:00:00'),
(7, '202601160001', 2, 3798.00, 3798.00, 1, '张三', '13811111111', '北京市朝阳区xxx街道xxx号', '周末送货', '2026-01-16 10:00:00', NULL, NULL, '2026-01-16 09:30:00'),
(8, '202601160002', 3, 168.00, 168.00, 0, '李四', '13822222222', '上海市浦东新区xxx路xxx号', NULL, NULL, NULL, NULL, '2026-01-16 14:00:00'),
(9, '202601170001', 4, 598.00, 598.00, 0, '王五', '13833333333', '广州市天河区xxx大道xxx号', NULL, NULL, NULL, NULL, '2026-01-17 11:00:00'),
(10, '202601170002', 8, 2499.00, 2499.00, 4, '测试用户01', '13877777777', '武汉市洪山区xxx路xxx号', '取消订单', NULL, NULL, NULL, '2026-01-17 15:00:00'),
(11, '202601200001', 11, 14487.00, 14487.00, 3, '数码小王子', '13900000001', '南京市鼓楼区数码港A座', '当面验货', '2026-01-20 14:00:00', '2026-01-21 09:00:00', '2026-01-23 10:00:00', '2026-01-20 13:00:00'),
(12, '202601200002', 12, 1179.00, 1179.00, 2, '运动少女', '13900000002', '杭州市西湖区文体中心', NULL, '2026-01-20 16:00:00', '2026-01-21 10:00:00', NULL, '2026-01-20 15:30:00'),
(13, '202601210001', 13, 227.00, 227.00, 3, '咖啡不加糖', '13900000003', '成都市锦江区春熙路', '放快递柜', '2026-01-21 11:00:00', '2026-01-22 08:00:00', '2026-01-23 15:00:00', '2026-01-21 10:30:00'),
(14, '202601210002', 14, 457.00, 457.00, 1, '啃书虫', '13900000004', '武汉市洪山区书城路', NULL, '2026-01-21 15:00:00', NULL, NULL, '2026-01-21 14:30:00'),
(15, '202601220001', 15, 786.00, 786.00, 0, '家居美学', '13900000005', '苏州市工业园区', NULL, NULL, NULL, NULL, '2026-01-22 09:00:00'),
(16, '202601180001', 16, 9299.00, 9299.00, 3, '科技极客', '13910000001', '上海市浦东新区张江高科技园区', NULL, '2026-01-18 14:00:00', '2026-01-19 09:00:00', '2026-01-21 10:00:00', '2026-01-18 13:00:00'),
(17, '202601180002', 17, 1197.00, 1197.00, 3, '时尚达人', '13910000002', '北京市朝阳区三里屯', NULL, '2026-01-18 15:00:00', '2026-01-19 10:00:00', '2026-01-21 11:00:00', '2026-01-18 14:00:00'),
(18, '202601190001', 18, 366.00, 366.00, 2, '吃货一枚', '13910000003', '广州市天河区体育西路', '周末配送', '2026-01-19 16:00:00', '2026-01-20 09:00:00', NULL, '2026-01-19 15:00:00'),
(19, '202601190002', 19, 2199.00, 2199.00, 3, '游戏人生', '13910000004', '深圳市南山区科技园', NULL, '2026-01-19 17:00:00', '2026-01-20 10:00:00', '2026-01-22 14:00:00', '2026-01-19 16:00:00'),
(20, '202601200001', 20, 1299.00, 1299.00, 2, '健身狂人', '13910000005', '杭州市西湖区文三路', NULL, '2026-01-20 10:00:00', '2026-01-21 09:00:00', NULL, '2026-01-20 09:00:00'),
(21, '202601200002', 21, 2499.00, 2499.00, 3, '音乐发烧友', '13910000006', '成都市武侯区一环路', NULL, '2026-01-20 11:00:00', '2026-01-21 10:00:00', '2026-01-23 09:00:00', '2026-01-20 10:00:00'),
(22, '202601200003', 22, 16999.00, 16999.00, 1, '摄影爱好者', '13910000007', '南京市玄武区珠江路', '当面验货', '2026-01-20 14:00:00', NULL, NULL, '2026-01-20 13:00:00'),
(23, '202601210001', 23, 1167.70, 1167.70, 3, '爱宠人士', '13910000008', '武汉市洪山区珞喻路', NULL, '2026-01-21 09:00:00', '2026-01-22 08:00:00', '2026-01-24 10:00:00', '2026-01-21 08:00:00'),
(24, '202601210002', 24, 936.00, 936.00, 0, '大学生小A', '13910000009', '西安市碑林区太白北路', NULL, NULL, NULL, NULL, '2026-01-21 14:00:00'),
(25, '202601210003', 25, 68.00, 68.00, 3, '大学生小B', '13910000010', '长沙市岳麓区麓山南路', NULL, '2026-01-21 15:00:00', '2026-01-22 09:00:00', '2026-01-24 15:00:00', '2026-01-21 14:30:00'),
(26, '202601220001', 26, 898.00, 898.00, 2, '职场新人', '13910000011', '苏州市工业园区星湖街', NULL, '2026-01-22 09:00:00', '2026-01-23 08:00:00', NULL, '2026-01-22 08:30:00'),
(27, '202601220002', 27, 1199.00, 1199.00, 3, '居家能手', '13910000012', '青岛市市南区香港中路', NULL, '2026-01-22 10:00:00', '2026-01-23 09:00:00', '2026-01-25 11:00:00', '2026-01-22 09:30:00'),
(28, '202601220003', 28, 597.00, 597.00, 1, '旅行背包客', '13910000013', '厦门市思明区环岛路', NULL, '2026-01-22 11:00:00', NULL, NULL, '2026-01-22 10:30:00'),
(29, '202601220004', 29, 178.00, 178.00, 2, '宝妈一枚', '13910000014', '济南市历下区泉城路', '放丰巢', '2026-01-22 12:00:00', '2026-01-23 10:00:00', NULL, '2026-01-22 11:30:00'),
(30, '202601230001', 30, 1590.00, 1590.00, 3, '艺术青年', '13910000015', '天津市和平区滨江道', NULL, '2026-01-23 09:00:00', '2026-01-24 08:00:00', '2026-01-26 10:00:00', '2026-01-23 08:30:00'),
(31, '202601230002', 31, 399.00, 399.00, 2, '骑行爱好者', '13910000016', '重庆市渝中区解放碑', NULL, '2026-01-23 10:00:00', '2026-01-24 09:00:00', NULL, '2026-01-23 09:30:00'),
(32, '202601230003', 32, 1299.00, 1299.00, 3, '跑者', '13910000017', '沈阳市和平区青年大街', NULL, '2026-01-23 11:00:00', '2026-01-24 10:00:00', '2026-01-26 14:00:00', '2026-01-23 10:30:00'),
(33, '202601230004', 33, 1099.00, 1099.00, 1, '烘焙小能手', '13910000018', '哈尔滨市南岗区学府路', '请在工作日配送', '2026-01-23 12:00:00', NULL, NULL, '2026-01-23 11:30:00'),
(34, '202601230005', 34, 89.00, 89.00, 3, '码字工人', '13910000019', '大连市中山区人民路', NULL, '2026-01-23 13:00:00', '2026-01-24 11:00:00', '2026-01-26 09:00:00', '2026-01-23 12:30:00'),
(35, '202601230006', 35, 189.00, 189.00, 2, '品茶人', '13910000020', '宁波市海曙区天一广场', NULL, '2026-01-23 14:00:00', '2026-01-24 12:00:00', NULL, '2026-01-23 13:30:00'),
(36, '202601230007', 36, 49.00, 49.00, 3, '园艺师', '13910000021', '无锡市滨湖区太湖大道', NULL, '2026-01-23 15:00:00', '2026-01-24 13:00:00', '2026-01-26 16:00:00', '2026-01-23 14:30:00'),
(37, '202601230008', 37, 2199.00, 2199.00, 0, '手办收藏家', '13910000022', '福州市鼓楼区五四路', NULL, NULL, NULL, NULL, '2026-01-23 15:30:00'),
(38, '202601240001', 38, 899.00, 899.00, 2, '二胎妈妈', '13910000023', '合肥市蜀山区长江西路', NULL, '2026-01-24 09:00:00', '2026-01-25 08:00:00', NULL, '2026-01-24 08:30:00'),
(39, '202601240002', 39, 89.00, 89.00, 3, '超级奶爸', '13910000024', '南昌市东湖区八一大道', NULL, '2026-01-24 10:00:00', '2026-01-25 09:00:00', '2026-01-27 11:00:00', '2026-01-24 09:30:00'),
(40, '202601240003', 40, 599.00, 599.00, 1, '退休生活', '13910000025', '贵阳市南明区花果园', NULL, '2026-01-24 11:00:00', NULL, NULL, '2026-01-24 10:30:00'),
(41, '202601240004', 2, 599.00, 599.00, 2, '张三', '13811111111', '北京市朝阳区xxx街道xxx号', NULL, '2026-01-24 12:00:00', '2026-01-25 10:00:00', NULL, '2026-01-24 11:30:00'),
(42, '202601240005', 3, 759.00, 759.00, 3, '李四', '13822222222', '上海市浦东新区xxx路xxx号', NULL, '2026-01-24 13:00:00', '2026-01-25 11:00:00', '2026-01-27 10:00:00', '2026-01-24 12:30:00'),
(43, '202601240006', 4, 138.00, 138.00, 1, '王五', '13833333333', '广州市天河区xxx大道xxx号', NULL, '2026-01-24 14:00:00', NULL, NULL, '2026-01-24 13:30:00'),
(44, '202601240007', 5, 49.90, 49.90, 3, '赵六', '13844444444', '深圳市南山区xxx科技园xxx栋', NULL, '2026-01-24 15:00:00', '2026-01-25 12:00:00', '2026-01-27 15:00:00', '2026-01-24 14:30:00'),
(45, '202601240008', 6, 89.00, 89.00, 2, '小明', '13855555555', '杭州市西湖区xxx小区xxx单元', NULL, '2026-01-24 16:00:00', '2026-01-25 13:00:00', NULL, '2026-01-24 15:30:00'),
(46, '202601240009', 7, 209.00, 209.00, 3, '小红', '13866666666', '成都市武侯区xxx街xxx号', NULL, '2026-01-24 17:00:00', '2026-01-25 14:00:00', '2026-01-27 16:00:00', '2026-01-24 16:30:00'),
(47, '202601250001', 8, 159.00, 159.00, 1, '测试用户01', '13877777777', '武汉市洪山区xxx路xxx号', NULL, '2026-01-25 09:00:00', NULL, NULL, '2026-01-25 08:30:00'),
(48, '202601250002', 10, 399.00, 399.00, 2, '卖家小王', '13899999999', '郑州市金水区花园路', NULL, '2026-01-25 10:00:00', '2026-01-26 09:00:00', NULL, '2026-01-25 09:30:00'),
(49, '202601250003', 11, 159.00, 159.00, 3, '数码小王子', '13900000001', '南京市鼓楼区数码港A座', NULL, '2026-01-25 11:00:00', '2026-01-26 10:00:00', '2026-01-28 09:00:00', '2026-01-25 10:30:00'),
(50, '202601250004', 12, 239.00, 239.00, 1, '运动少女', '13900000002', '杭州市西湖区文体中心', NULL, '2026-01-25 12:00:00', NULL, NULL, '2026-01-25 11:30:00'),
(51, '202601250005', 13, 89.00, 89.00, 3, '咖啡不加糖', '13900000003', '成都市锦江区春熙路', NULL, '2026-01-25 13:00:00', '2026-01-26 11:00:00', '2026-01-28 10:00:00', '2026-01-25 12:30:00'),
(52, '202601250006', 14, 68.00, 68.00, 2, '啃书虫', '13900000004', '武汉市洪山区书城路', NULL, '2026-01-25 14:00:00', '2026-01-26 12:00:00', NULL, '2026-01-25 13:30:00'),
(53, '202601250007', 15, 199.00, 199.00, 3, '家居美学', '13900000005', '苏州市工业园区', NULL, '2026-01-25 15:00:00', '2026-01-26 13:00:00', '2026-01-28 11:00:00', '2026-01-25 14:30:00'),
(54, '202601260001', 11, 699.00, 699.00, 3, '数码小王子', '13900000001', '南京市鼓楼区数码港A座', NULL, '2026-01-26 09:00:00', '2026-01-27 09:00:00', '2026-01-29 10:00:00', '2026-01-26 08:30:00'),
(55, '202601260002', 12, 129.00, 129.00, 1, '运动少女', '13900000002', '杭州市西湖区文体中心', NULL, '2026-01-26 10:00:00', NULL, NULL, '2026-01-26 09:30:00');

-- =============================================
-- 6. 订单明细数据
-- =============================================
INSERT INTO `order_item` (`id`, `order_id`, `product_id`, `product_name`, `product_image`, `price`, `quantity`, `total_price`, `create_time`) VALUES
(1, 1, 1, 'iPhone 15 Pro Max 256GB', 'https://picsum.photos/id/1/800/800', 9999.00, 1, 9999.00, '2026-01-10 14:00:00'),
(2, 1, 3, 'AirPods Pro 2代', 'https://picsum.photos/id/6/800/800', 1899.00, 1, 1899.00, '2026-01-10 14:00:00'),
(3, 2, 4, '华为Mate 60 Pro', 'https://picsum.photos/id/8/800/800', 6999.00, 1, 6999.00, '2026-01-11 10:30:00'),
(4, 3, 10, '连衣裙女夏季新款', 'https://picsum.photos/id/20/800/800', 299.00, 2, 598.00, '2026-01-12 13:00:00'),
(5, 3, 10, '连衣裙女夏季新款', 'https://picsum.photos/id/20/800/800', 299.00, 1, 299.00, '2026-01-12 13:00:00'),
(6, 4, 2, 'MacBook Pro 14英寸 M3芯片', 'https://picsum.photos/id/4/800/800', 14999.00, 1, 14999.00, '2026-01-13 15:30:00'),
(7, 5, 11, '三只松鼠坚果礼盒', 'https://picsum.photos/id/22/800/800', 168.00, 2, 336.00, '2026-01-14 11:00:00'),
(8, 6, 8, '优衣库男士羽绒服', 'https://picsum.photos/id/16/800/800', 599.00, 2, 1198.00, '2026-01-15 16:00:00'),
(9, 7, 3, 'AirPods Pro 2代', 'https://picsum.photos/id/6/800/800', 1899.00, 2, 3798.00, '2026-01-16 09:30:00'),
(10, 8, 11, '三只松鼠坚果礼盒', 'https://picsum.photos/id/22/800/800', 168.00, 1, 168.00, '2026-01-16 14:00:00'),
(11, 9, 8, '优衣库男士羽绒服', 'https://picsum.photos/id/16/800/800', 599.00, 1, 598.00, '2026-01-17 11:00:00'),
(12, 10, 7, '索尼WH-1000XM5', 'https://picsum.photos/id/14/800/800', 2499.00, 1, 2499.00, '2026-01-17 15:00:00'),
(13, 11, 21, 'Samsung Galaxy S24 Ultra', 'https://picsum.photos/id/60/800/800', 9699.00, 1, 9699.00, '2026-01-20 13:00:00'),
(14, 11, 22, 'DJI Mini 4 Pro 无人机', 'https://picsum.photos/id/62/800/800', 4788.00, 1, 4788.00, '2026-01-20 13:00:00'),
(15, 12, 24, 'Lululemon Align 瑜伽裤', 'https://picsum.photos/id/66/800/800', 550.00, 2, 1100.00, '2026-01-20 15:30:00'),
(16, 12, 26, 'Keep 智能计数跳绳', 'https://picsum.photos/id/69/800/800', 79.00, 1, 79.00, '2026-01-20 15:30:00'),
(17, 13, 27, 'Illy 深度烘焙咖啡粉 250g', 'https://picsum.photos/id/70/800/800', 89.00, 2, 178.00, '2026-01-21 10:30:00'),
(18, 13, 29, '明治 72% 黑巧克力 礼盒', 'https://picsum.photos/id/73/800/800', 59.90, 1, 59.90, '2026-01-21 10:30:00'),
(19, 14, 30, '《架构整洁之道》', 'https://picsum.photos/id/74/800/800', 79.00, 1, 79.00, '2026-01-21 14:30:00'),
(20, 14, 31, 'Moleskine 经典横线笔记本', 'https://picsum.photos/id/75/800/800', 189.00, 2, 378.00, '2026-01-21 14:30:00'),
(21, 15, 32, 'MUJI 超声波香薰机', 'https://picsum.photos/id/76/800/800', 388.00, 1, 388.00, '2026-01-22 09:00:00'),
(22, 15, 33, 'ZARA HOME 香薰蜡烛', 'https://picsum.photos/id/78/800/800', 199.00, 2, 398.00, '2026-01-22 09:00:00'),
(23, 16, 34, 'iPad Pro 12.9英寸 M2芯片', 'https://picsum.photos/id/84/800/800', 9299.00, 1, 9299.00, '2026-01-18 13:00:00'),
(24, 17, 42, 'ZARA 女士风衣', 'https://picsum.photos/id/95/800/800', 799.00, 1, 799.00, '2026-01-18 14:00:00'),
(25, 17, 43, 'UNIQLO 女士衬衫', 'https://picsum.photos/id/97/800/800', 199.00, 2, 398.00, '2026-01-18 14:00:00'),
(26, 18, 48, '瑞士莲 软心巧克力 礼盒', 'https://picsum.photos/id/102/800/800', 138.00, 1, 138.00, '2026-01-19 15:00:00'),
(27, 18, 49, '拉面说 豚骨拉面 6盒', 'https://picsum.photos/id/103/800/800', 89.00, 1, 89.00, '2026-01-19 15:00:00'),
(28, 18, 77, '沃隆 每日坚果 30包', 'https://picsum.photos/id/158/800/800', 139.00, 1, 139.00, '2026-01-19 15:00:00'),
(29, 19, 39, 'Switch OLED 游戏机', 'https://picsum.photos/id/91/800/800', 2199.00, 1, 2199.00, '2026-01-19 16:00:00'),
(30, 20, 44, 'Adidas Ultraboost 跑鞋', 'https://picsum.photos/id/98/800/800', 1299.00, 1, 1299.00, '2026-01-20 09:00:00'),
(31, 21, 7, '索尼WH-1000XM5', 'https://picsum.photos/id/14/800/800', 2499.00, 1, 2499.00, '2026-01-20 10:00:00'),
(32, 22, 37, 'Sony A7M4 全画幅微单', 'https://picsum.photos/id/88/800/800', 16999.00, 1, 16999.00, '2026-01-20 13:00:00'),
(33, 23, 65, '皇家 猫粮 2kg', 'https://picsum.photos/id/145/800/800', 189.00, 2, 378.00, '2026-01-21 08:00:00'),
(34, 23, 66, '小佩 智能猫砂盆', 'https://picsum.photos/id/146/800/800', 899.00, 1, 899.00, '2026-01-21 08:00:00'),
(35, 23, 67, 'ZEAL 宠物牛奶', 'https://picsum.photos/id/148/800/800', 19.90, 3, 59.70, '2026-01-21 08:00:00'),
(36, 24, 35, '罗技 MX Master 3S 鼠标', 'https://picsum.photos/id/86/800/800', 699.00, 1, 699.00, '2026-01-21 14:00:00'),
(37, 24, 60, 'PILOT 百乐笔 12支装', 'https://picsum.photos/id/115/800/800', 79.00, 3, 237.00, '2026-01-21 14:00:00'),
(38, 25, 59, '《原子习惯》', 'https://picsum.photos/id/114/800/800', 68.00, 1, 68.00, '2026-01-21 14:30:00'),
(39, 26, 35, '罗技 MX Master 3S 鼠标', 'https://picsum.photos/id/86/800/800', 699.00, 1, 699.00, '2026-01-22 08:30:00'),
(40, 26, 43, 'UNIQLO 女士衬衫', 'https://picsum.photos/id/97/800/800', 199.00, 1, 199.00, '2026-01-22 08:30:00'),
(41, 27, 52, '小米空气净化器 4 Pro', 'https://picsum.photos/id/106/800/800', 1199.00, 1, 1199.00, '2026-01-22 09:30:00'),
(42, 28, 38, 'GoPro HERO12 Black', 'https://picsum.photos/id/90/800/800', 3198.00, 1, 3198.00, '2026-01-22 10:30:00'),
(43, 28, 62, '迪卡侬 徒步登山包 30L', 'https://picsum.photos/id/117/800/800', 199.00, 1, 199.00, '2026-01-22 10:30:00'),
(44, 28, 57, '摩飞 便携烧水壶', 'https://picsum.photos/id/112/800/800', 239.00, 1, 239.00, '2026-01-22 10:30:00'),
(45, 29, 68, 'Babycare 湿巾 80抽*12包', 'https://picsum.photos/id/149/800/800', 89.00, 2, 178.00, '2026-01-22 11:30:00'),
(46, 30, 71, 'SK-II 神仙水 230ml', 'https://picsum.photos/id/152/800/800', 1590.00, 1, 1590.00, '2026-01-23 08:30:00'),
(47, 31, 64, '骆驼 冲锋衣', 'https://picsum.photos/id/119/800/800', 399.00, 1, 399.00, '2026-01-23 09:30:00'),
(48, 32, 44, 'Adidas Ultraboost 跑鞋', 'https://picsum.photos/id/98/800/800', 1299.00, 1, 1299.00, '2026-01-23 10:30:00'),
(49, 33, 53, 'Bruno 多功能料理锅', 'https://picsum.photos/id/107/800/800', 1099.00, 1, 1099.00, '2026-01-23 11:30:00'),
(50, 34, 58, '《Python编程 从入门到实践》', 'https://picsum.photos/id/113/800/800', 89.00, 1, 89.00, '2026-01-23 12:30:00'),
(51, 35, 50, '三顿半 超即溶咖啡 24颗', 'https://picsum.photos/id/104/800/800', 189.00, 1, 189.00, '2026-01-23 13:30:00'),
(52, 36, 55, 'IKEA 拉克边桌', 'https://picsum.photos/id/110/800/800', 49.00, 1, 49.00, '2026-01-23 14:30:00'),
(53, 37, 39, 'Switch OLED 游戏机', 'https://picsum.photos/id/91/800/800', 2199.00, 1, 2199.00, '2026-01-23 15:30:00'),
(54, 38, 70, '好孩子 婴儿推车', 'https://picsum.photos/id/151/800/800', 899.00, 1, 899.00, '2026-01-24 08:30:00'),
(55, 39, 68, 'Babycare 湿巾 80抽*12包', 'https://picsum.photos/id/149/800/800', 89.00, 1, 89.00, '2026-01-24 09:30:00'),
(56, 40, 54, '九阳 破壁机', 'https://picsum.photos/id/109/800/800', 599.00, 1, 599.00, '2026-01-24 10:30:00'),
(57, 41, 36, 'Keychron K3 Pro 机械键盘', 'https://picsum.photos/id/87/800/800', 599.00, 1, 599.00, '2026-01-24 11:30:00'),
(58, 42, 45, 'New Balance 327 复古鞋', 'https://picsum.photos/id/99/800/800', 759.00, 1, 759.00, '2026-01-24 12:30:00'),
(59, 43, 48, '瑞士莲 软心巧克力 礼盒', 'https://picsum.photos/id/102/800/800', 138.00, 1, 138.00, '2026-01-24 13:30:00'),
(60, 44, 51, '茶颜悦色 习惯茶 7包', 'https://picsum.photos/id/105/800/800', 49.90, 1, 49.90, '2026-01-24 14:30:00'),
(61, 45, 77, '沃隆 每日坚果 30包', 'https://picsum.photos/id/158/800/800', 139.00, 1, 139.00, '2026-01-24 15:30:00'),
(62, 46, 80, '蕉下 防晒衣', 'https://picsum.photos/id/161/800/800', 209.00, 1, 209.00, '2026-01-24 16:30:00'),
(63, 47, 74, 'Anker 充电宝 20000mAh', 'https://picsum.photos/id/155/800/800', 159.00, 1, 159.00, '2026-01-25 08:30:00'),
(64, 48, 73, '野兽派 香薰礼盒', 'https://picsum.photos/id/154/800/800', 399.00, 1, 399.00, '2026-01-25 09:30:00'),
(65, 49, 74, 'Anker 充电宝 20000mAh', 'https://picsum.photos/id/155/800/800', 159.00, 1, 159.00, '2026-01-25 10:30:00'),
(66, 50, 46, '李宁 运动卫衣', 'https://picsum.photos/id/100/800/800', 239.00, 1, 239.00, '2026-01-25 11:30:00'),
(67, 51, 49, '拉面说 豚骨拉面 6盒', 'https://picsum.photos/id/103/800/800', 89.00, 1, 89.00, '2026-01-25 12:30:00'),
(68, 52, 59, '《原子习惯》', 'https://picsum.photos/id/114/800/800', 68.00, 1, 68.00, '2026-01-25 13:30:00'),
(69, 53, 33, 'ZARA HOME 香薰蜡烛', 'https://picsum.photos/id/78/800/800', 199.00, 1, 199.00, '2026-01-25 14:30:00'),
(70, 54, 35, '罗技 MX Master 3S 鼠标', 'https://picsum.photos/id/86/800/800', 699.00, 1, 699.00, '2026-01-26 08:30:00'),
(71, 55, 63, 'Keep 瑜伽垫', 'https://picsum.photos/id/118/800/800', 129.00, 1, 129.00, '2026-01-26 09:30:00');

-- =============================================
-- 7. 商品留言数据
-- =============================================
INSERT INTO `product_comment` (`id`, `product_id`, `user_id`, `content`, `rating`, `reply_content`, `reply_time`, `reply_user_id`, `status`, `create_time`) VALUES
(1, 1, 2, '手机非常好用，拍照效果很棒，物流也很快！', 5, '感谢您的支持，欢迎再次购买！', '2026-01-14 09:00:00', 1, 1, '2026-01-13 15:00:00'),
(2, 1, 3, '外观漂亮，性能强劲，就是价格有点贵', 4, NULL, NULL, NULL, 1, '2026-01-14 10:00:00'),
(3, 3, 2, '降噪效果很好，音质也不错，推荐购买', 5, '感谢好评！', '2026-01-15 10:00:00', 1, 1, '2026-01-14 16:00:00'),
(4, 4, 3, '华为手机质量很好，信号也很稳定', 5, NULL, NULL, NULL, 1, '2026-01-15 11:00:00'),
(5, 8, 4, '羽绒服很保暖，穿着舒适，性价比高', 5, '感谢您的认可！', '2026-01-16 09:00:00', 1, 1, '2026-01-15 14:00:00'),
(6, 10, 4, '裙子很漂亮，面料舒适，尺码也很准', 5, NULL, NULL, NULL, 1, '2026-01-16 10:00:00'),
(7, 11, 5, '坚果很新鲜，包装精美，送人很有面子', 5, '感谢支持，祝您生活愉快！', '2026-01-17 08:00:00', 1, 1, '2026-01-16 15:00:00'),
(8, 2, 5, '电脑性能很强，办公效率提升很多', 5, NULL, NULL, NULL, 1, '2026-01-17 09:00:00'),
(9, 15, 6, '书的内容很深入，对理解JVM很有帮助', 5, NULL, NULL, NULL, 1, '2026-01-17 14:00:00'),
(10, 7, 7, '耳机音质很好，降噪效果一流', 4, NULL, NULL, NULL, 1, '2026-01-18 10:00:00'),
(11, 9, 7, '鞋子很舒服，穿着跑步很轻松', 5, NULL, NULL, NULL, 1, '2026-01-18 11:00:00'),
(12, 13, 8, '台灯护眼效果好，亮度可调节，很实用', 5, '感谢好评！', '2026-01-18 15:00:00', 1, 1, '2026-01-18 14:00:00'),
(13, 21, 11, '三星的屏幕真的绝了，AI功能很好玩', 5, '感谢支持三星！', '2026-01-22 09:00:00', 1, 1, '2026-01-21 16:00:00'),
(14, 24, 12, '瑜伽裤穿着很舒服，做动作没有束缚感', 5, NULL, NULL, NULL, 1, '2026-01-22 10:00:00'),
(15, 27, 13, '咖啡粉很香，做出来的油脂很丰富', 5, '谢谢喜欢，我们会继续提供好咖啡', '2026-01-23 08:00:00', 1, 1, '2026-01-22 11:00:00'),
(16, 30, 14, '书是好书，就是翻译稍微有点生硬，建议读原版', 4, NULL, NULL, NULL, 1, '2026-01-22 14:00:00'),
(17, 32, 15, '香薰机颜值很高，晚上当小夜灯用很温馨', 5, '感谢您的喜爱！', '2026-01-23 09:00:00', 1, 1, '2026-01-22 15:00:00'),
(18, 34, 16, 'iPad Pro 性能强大，画画很流畅', 5, NULL, NULL, NULL, 1, '2026-01-20 10:00:00'),
(19, 36, 16, '键盘手感很好，矮轴适合码字', 5, NULL, NULL, NULL, 1, '2026-01-20 11:00:00'),
(20, 42, 17, '风衣版型很正，适合通勤', 5, NULL, NULL, NULL, 1, '2026-01-20 14:00:00'),
(21, 48, 18, '巧克力很好吃，入口即化', 5, NULL, NULL, NULL, 1, '2026-01-21 09:00:00'),
(22, 39, 19, 'Switch 游戏真多，玩不过来', 5, NULL, NULL, NULL, 1, '2026-01-21 10:00:00'),
(23, 44, 20, 'Boost 底确实舒服，跑步必备', 5, NULL, NULL, NULL, 1, '2026-01-21 11:00:00'),
(24, 7, 21, '音质不错，降噪效果顶级', 5, NULL, NULL, NULL, 1, '2026-01-21 14:00:00'),
(25, 37, 22, 'A7M4 对焦迅速，视频功能强大', 5, NULL, NULL, NULL, 1, '2026-01-22 09:00:00'),
(26, 65, 23, '猫咪很爱吃，便便也正常', 5, NULL, NULL, NULL, 1, '2026-01-22 10:00:00'),
(27, 66, 23, '自动铲屎真香，解放双手', 5, NULL, NULL, NULL, 1, '2026-01-22 11:00:00'),
(28, 35, 24, '鼠标手感很好，静音适合图书馆', 5, NULL, NULL, NULL, 1, '2026-01-22 14:00:00'),
(29, 59, 25, '内容很有启发，已经开始实践', 5, NULL, NULL, NULL, 1, '2026-01-22 15:00:00'),
(30, 43, 26, '衬衫抗皱效果不错，适合职场', 4, NULL, NULL, NULL, 1, '2026-01-23 09:00:00'),
(31, 52, 27, '净化效果明显，夜间模式安静', 5, NULL, NULL, NULL, 1, '2026-01-23 10:00:00'),
(32, 38, 28, '防抖太强了，骑行拍出来很稳', 5, NULL, NULL, NULL, 1, '2026-01-23 11:00:00'),
(33, 68, 29, '湿巾水分足，没有香味，给宝宝用放心', 5, NULL, NULL, NULL, 1, '2026-01-23 14:00:00'),
(34, 71, 30, '神仙水名不虚传，皮肤有变细腻', 5, NULL, NULL, NULL, 1, '2026-01-23 15:00:00'),
(35, 64, 31, '冲锋衣防风效果不错，骑车不冷', 5, NULL, NULL, NULL, 1, '2026-01-24 09:00:00'),
(36, 44, 32, '跑鞋支撑性好，长跑不累', 5, NULL, NULL, NULL, 1, '2026-01-24 10:00:00'),
(37, 53, 33, '颜值高，用来做早餐很方便', 5, NULL, NULL, NULL, 1, '2026-01-24 11:00:00'),
(38, 58, 34, '适合零基础入门，例子通俗易懂', 5, NULL, NULL, NULL, 1, '2026-01-24 14:00:00'),
(39, 50, 35, '咖啡味道不错，溶解很快', 5, NULL, NULL, NULL, 1, '2026-01-24 15:00:00'),
(40, 55, 36, '宜家经典款，便宜实用', 5, NULL, NULL, NULL, 1, '2026-01-25 09:00:00'),
(41, 39, 37, '游戏机不错，就是游戏有点贵', 4, NULL, NULL, NULL, 1, '2026-01-25 10:00:00'),
(42, 70, 38, '推车轻便，一键收车很方便', 5, NULL, NULL, NULL, 1, '2026-01-25 11:00:00'),
(43, 68, 39, '无限回购的湿巾，家里常备', 5, NULL, NULL, NULL, 1, '2026-01-25 14:00:00'),
(44, 54, 40, '打的豆浆很细腻，噪音可以接受', 5, NULL, NULL, NULL, 1, '2026-01-25 15:00:00'),
(45, 36, 2, '键盘不错，适合程序员', 5, '感谢支持', '2026-01-26 09:00:00', 1, 1, '2026-01-25 16:00:00'),
(46, 45, 3, '复古鞋好看，脚感也不错', 5, NULL, NULL, NULL, 1, '2026-01-26 10:00:00'),
(47, 48, 4, '礼盒很精致，送人很有面子', 5, NULL, NULL, NULL, 1, '2026-01-26 11:00:00'),
(48, 51, 5, '茶包很香，下午喝一杯提神', 5, NULL, NULL, NULL, 1, '2026-01-26 14:00:00'),
(49, 77, 6, '坚果新鲜，每天一包很方便', 5, NULL, NULL, NULL, 1, '2026-01-26 15:00:00'),
(50, 80, 7, '防晒衣很轻薄，夏天穿不闷', 5, NULL, NULL, NULL, 1, '2026-01-27 09:00:00'),
(51, 74, 8, '充电宝容量足，快充给力', 5, NULL, NULL, NULL, 1, '2026-01-27 10:00:00'),
(52, 73, 10, '香薰味道高级，放在卧室很舒服', 5, NULL, NULL, NULL, 1, '2026-01-27 11:00:00'),
(53, 74, 11, '出门必备，再也不用借充电宝了', 5, NULL, NULL, NULL, 1, '2026-01-27 14:00:00'),
(54, 46, 12, '卫衣质量很好，国货之光', 5, NULL, NULL, NULL, 1, '2026-01-27 15:00:00'),
(55, 49, 13, '拉面很方便，味道不输日料店', 5, NULL, NULL, NULL, 1, '2026-01-28 09:00:00'),
(56, 59, 14, '值得反复阅读的好书', 5, NULL, NULL, NULL, 1, '2026-01-28 10:00:00'),
(57, 33, 15, '蜡烛颜值高，味道好闻', 5, NULL, NULL, NULL, 1, '2026-01-28 11:00:00'),
(58, 35, 11, '罗技鼠标确实好用', 5, NULL, NULL, NULL, 1, '2026-01-28 14:00:00'),
(59, 63, 12, '瑜伽垫防滑效果很好', 5, NULL, NULL, NULL, 1, '2026-01-28 15:00:00'),
(60, 57, 28, '烧水很快，出差带着很方便', 5, NULL, NULL, NULL, 1, '2026-01-29 09:00:00'),
(61, 72, 29, '送给婆婆的礼物，很喜欢', 5, NULL, NULL, NULL, 1, '2026-01-29 10:00:00'),
(62, 76, 16, '扩展坞接口丰富，解决笔记本接口少的问题', 5, NULL, NULL, NULL, 1, '2026-01-29 11:00:00'),
(63, 78, 38, '牛奶味道纯正，孩子爱喝', 5, NULL, NULL, NULL, 1, '2026-01-29 14:00:00'),
(64, 79, 18, '蛋黄酥超级好吃，雪媚娘软糯', 5, NULL, NULL, NULL, 1, '2026-01-29 15:00:00'),
(65, 41, 20, '手环记录运动数据很准', 5, NULL, NULL, NULL, 1, '2026-01-30 09:00:00'),
(66, 75, 21, '磁吸支架很稳，看视频方便', 5, NULL, NULL, NULL, 1, '2026-01-30 10:00:00'),
(67, 61, 24, '活页本纸质很好，写起来顺滑', 5, NULL, NULL, NULL, 1, '2026-01-30 11:00:00');

-- =============================================
-- 8. 浏览记录数据
-- =============================================
INSERT INTO `browse_history` (`id`, `user_id`, `product_id`, `browse_time`, `duration`) VALUES
(1, 2, 1, '2026-01-15 10:00:00', 120),
(2, 2, 2, '2026-01-15 10:30:00', 90),
(3, 2, 3, '2026-01-15 11:00:00', 60),
(4, 2, 4, '2026-01-15 11:30:00', 45),
(5, 2, 11, '2026-01-15 14:00:00', 30),
(6, 3, 4, '2026-01-16 08:00:00', 150),
(7, 3, 5, '2026-01-16 08:30:00', 80),
(8, 3, 8, '2026-01-16 09:00:00', 60),
(9, 4, 10, '2026-01-16 09:30:00', 100),
(10, 4, 9, '2026-01-16 10:00:00', 70),
(11, 4, 14, '2026-01-16 10:30:00', 40),
(12, 5, 2, '2026-01-17 07:30:00', 200),
(13, 5, 6, '2026-01-17 08:00:00', 120),
(14, 5, 7, '2026-01-17 08:30:00', 90),
(15, 6, 15, '2026-01-17 09:00:00', 180),
(16, 6, 16, '2026-01-17 09:30:00', 60),
(17, 7, 9, '2026-01-18 09:00:00', 80),
(18, 7, 20, '2026-01-18 09:30:00', 70),
(19, 7, 8, '2026-01-18 10:00:00', 50),
(20, 8, 13, '2026-01-18 14:00:00', 90),
(21, 11, 21, '2026-01-20 08:00:00', 180),
(22, 11, 22, '2026-01-20 08:30:00', 150),
(23, 11, 23, '2026-01-20 09:00:00', 120),
(24, 11, 1, '2026-01-20 10:00:00', 90),
(25, 11, 17, '2026-01-20 10:30:00', 60),
(26, 12, 24, '2026-01-20 09:00:00', 160),
(27, 12, 25, '2026-01-20 09:30:00', 110),
(28, 12, 26, '2026-01-20 10:00:00', 80),
(29, 12, 9, '2026-01-20 10:30:00', 70),
(30, 12, 20, '2026-01-20 11:00:00', 50),
(31, 13, 27, '2026-01-20 10:00:00', 190),
(32, 13, 28, '2026-01-20 10:30:00', 130),
(33, 13, 19, '2026-01-20 11:00:00', 100),
(34, 13, 11, '2026-01-20 11:30:00', 60),
(35, 13, 29, '2026-01-20 12:00:00', 80),
(36, 14, 30, '2026-01-20 11:00:00', 200),
(37, 14, 31, '2026-01-20 11:30:00', 150),
(38, 14, 15, '2026-01-20 12:00:00', 120),
(39, 14, 16, '2026-01-20 12:30:00', 60),
(40, 15, 32, '2026-01-21 08:00:00', 180),
(41, 15, 33, '2026-01-21 08:30:00', 140),
(42, 15, 14, '2026-01-21 09:00:00', 90),
(43, 15, 13, '2026-01-21 09:30:00', 70),
(44, 15, 18, '2026-01-21 10:00:00', 110),
(45, 16, 34, '2026-01-20 08:00:00', 200),
(46, 16, 35, '2026-01-20 08:30:00', 120),
(47, 16, 36, '2026-01-20 09:00:00', 150),
(48, 16, 37, '2026-01-20 09:30:00', 180),
(49, 16, 74, '2026-01-20 10:00:00', 80),
(50, 16, 76, '2026-01-20 10:30:00', 60),
(51, 17, 42, '2026-01-20 08:00:00', 160),
(52, 17, 43, '2026-01-20 08:30:00', 140),
(53, 17, 46, '2026-01-20 09:00:00', 90),
(54, 17, 47, '2026-01-20 09:30:00', 70),
(55, 17, 80, '2026-01-20 10:00:00', 110),
(56, 17, 10, '2026-01-20 10:30:00', 60),
(57, 18, 48, '2026-01-20 08:00:00', 180),
(58, 18, 49, '2026-01-20 08:30:00', 150),
(59, 18, 50, '2026-01-20 09:00:00', 120),
(60, 18, 77, '2026-01-20 09:30:00', 100),
(61, 18, 78, '2026-01-20 10:00:00', 80),
(62, 18, 79, '2026-01-20 10:30:00', 130),
(63, 19, 39, '2026-01-20 08:00:00', 220),
(64, 19, 40, '2026-01-20 08:30:00', 200),
(65, 19, 35, '2026-01-20 09:00:00', 90),
(66, 19, 1, '2026-01-20 09:30:00', 70),
(67, 19, 5, '2026-01-20 10:00:00', 60),
(68, 20, 41, '2026-01-20 08:00:00', 150),
(69, 20, 44, '2026-01-20 08:30:00', 170),
(70, 20, 63, '2026-01-20 09:00:00', 110),
(71, 20, 46, '2026-01-20 09:30:00', 80),
(72, 20, 64, '2026-01-20 10:00:00', 60),
(73, 21, 7, '2026-01-20 08:00:00', 190),
(74, 21, 23, '2026-01-20 08:30:00', 170),
(75, 21, 3, '2026-01-20 09:00:00', 80),
(76, 21, 75, '2026-01-20 09:30:00', 50),
(77, 22, 37, '2026-01-20 08:00:00', 240),
(78, 22, 38, '2026-01-20 08:30:00', 200),
(79, 22, 22, '2026-01-20 09:00:00', 150),
(80, 22, 1, '2026-01-20 09:30:00', 70),
(81, 23, 65, '2026-01-20 08:00:00', 180),
(82, 23, 66, '2026-01-20 08:30:00', 200),
(83, 23, 67, '2026-01-20 09:00:00', 120),
(84, 23, 11, '2026-01-20 09:30:00', 60),
(85, 24, 35, '2026-01-21 08:00:00', 140),
(86, 24, 58, '2026-01-21 08:30:00', 180),
(87, 24, 60, '2026-01-21 09:00:00', 100),
(88, 24, 61, '2026-01-21 09:30:00', 90),
(89, 24, 74, '2026-01-21 10:00:00', 70),
(90, 25, 59, '2026-01-21 08:00:00', 170),
(91, 25, 61, '2026-01-21 08:30:00', 130),
(92, 25, 45, '2026-01-21 09:00:00', 110),
(93, 25, 31, '2026-01-21 09:30:00', 80),
(94, 26, 35, '2026-01-21 08:00:00', 160),
(95, 26, 36, '2026-01-21 08:30:00', 150),
(96, 26, 43, '2026-01-21 09:00:00', 120),
(97, 26, 76, '2026-01-21 09:30:00', 90),
(98, 26, 6, '2026-01-21 10:00:00', 100),
(99, 27, 52, '2026-01-21 08:00:00', 180),
(100, 27, 53, '2026-01-21 08:30:00', 160),
(101, 27, 54, '2026-01-21 09:00:00', 140),
(102, 27, 55, '2026-01-21 09:30:00', 90),
(103, 27, 56, '2026-01-21 10:00:00', 120),
(104, 27, 57, '2026-01-21 10:30:00', 70),
(105, 28, 38, '2026-01-21 08:00:00', 190),
(106, 28, 57, '2026-01-21 08:30:00', 140),
(107, 28, 62, '2026-01-21 09:00:00', 150),
(108, 28, 64, '2026-01-21 09:30:00', 110),
(109, 28, 22, '2026-01-21 10:00:00', 100),
(110, 29, 68, '2026-01-21 08:00:00', 170),
(111, 29, 69, '2026-01-21 08:30:00', 150),
(112, 29, 70, '2026-01-21 09:00:00', 180),
(113, 38, 68, '2026-01-21 09:30:00', 160),
(114, 38, 70, '2026-01-21 10:00:00', 190),
(115, 39, 68, '2026-01-21 10:30:00', 130),
(116, 39, 69, '2026-01-21 11:00:00', 120),
(117, 30, 71, '2026-01-22 08:00:00', 160),
(118, 30, 72, '2026-01-22 08:30:00', 140),
(119, 30, 73, '2026-01-22 09:00:00', 170),
(120, 31, 64, '2026-01-22 08:00:00', 180),
(121, 31, 62, '2026-01-22 08:30:00', 150),
(122, 31, 44, '2026-01-22 09:00:00', 120),
(123, 32, 44, '2026-01-22 08:00:00', 190),
(124, 32, 63, '2026-01-22 08:30:00', 140),
(125, 32, 41, '2026-01-22 09:00:00', 110),
(126, 33, 53, '2026-01-22 08:00:00', 170),
(127, 33, 54, '2026-01-22 08:30:00', 150),
(128, 33, 50, '2026-01-22 09:00:00', 130),
(129, 34, 58, '2026-01-22 08:00:00', 200),
(130, 34, 59, '2026-01-22 08:30:00', 180),
(131, 34, 30, '2026-01-22 09:00:00', 160),
(132, 35, 50, '2026-01-22 08:00:00', 170),
(133, 35, 51, '2026-01-22 08:30:00', 140),
(134, 35, 27, '2026-01-22 09:00:00', 120),
(135, 36, 55, '2026-01-22 08:00:00', 150),
(136, 36, 52, '2026-01-22 08:30:00', 130),
(137, 36, 32, '2026-01-22 09:00:00', 110),
(138, 37, 39, '2026-01-22 08:00:00', 210),
(139, 37, 40, '2026-01-22 08:30:00', 190),
(140, 37, 34, '2026-01-22 09:00:00', 150),
(141, 40, 54, '2026-01-22 08:00:00', 160),
(142, 40, 55, '2026-01-22 08:30:00', 120),
(143, 40, 52, '2026-01-22 09:00:00', 140),
(144, 2, 36, '2026-01-23 08:00:00', 120),
(145, 2, 35, '2026-01-23 08:30:00', 100),
(146, 3, 45, '2026-01-23 08:00:00', 150),
(147, 3, 46, '2026-01-23 08:30:00', 90),
(148, 4, 48, '2026-01-23 08:00:00', 130),
(149, 4, 77, '2026-01-23 08:30:00', 110),
(150, 5, 51, '2026-01-23 08:00:00', 140),
(151, 5, 50, '2026-01-23 08:30:00', 120),
(152, 6, 58, '2026-01-23 08:00:00', 170),
(153, 6, 60, '2026-01-23 08:30:00', 100),
(154, 7, 80, '2026-01-23 08:00:00', 160),
(155, 7, 42, '2026-01-23 08:30:00', 130),
(156, 8, 74, '2026-01-23 08:00:00', 110),
(157, 8, 75, '2026-01-23 08:30:00', 80),
(158, 10, 73, '2026-01-23 08:00:00', 150),
(159, 11, 35, '2026-01-24 08:00:00', 180),
(160, 11, 76, '2026-01-24 08:30:00', 140),
(161, 12, 46, '2026-01-24 08:00:00', 160),
(162, 12, 63, '2026-01-24 08:30:00', 130),
(163, 13, 49, '2026-01-24 08:00:00', 150),
(164, 13, 50, '2026-01-24 08:30:00', 140),
(165, 14, 59, '2026-01-24 08:00:00', 190),
(166, 14, 58, '2026-01-24 08:30:00', 170),
(167, 15, 33, '2026-01-24 08:00:00', 160),
(168, 15, 32, '2026-01-24 08:30:00', 150),
(169, 16, 1, '2026-01-24 09:00:00', 80),
(170, 17, 9, '2026-01-24 09:30:00', 70),
(171, 18, 11, '2026-01-24 10:00:00', 60),
(172, 19, 2, '2026-01-24 10:30:00', 90),
(173, 20, 9, '2026-01-24 11:00:00', 80),
(174, 21, 1, '2026-01-24 11:30:00', 70),
(175, 22, 2, '2026-01-24 12:00:00', 100),
(176, 23, 12, '2026-01-24 12:30:00', 60),
(177, 24, 13, '2026-01-24 13:00:00', 80),
(178, 25, 14, '2026-01-24 13:30:00', 70),
(179, 26, 15, '2026-01-24 14:00:00', 90),
(180, 27, 16, '2026-01-24 14:30:00', 80),
(181, 28, 17, '2026-01-24 15:00:00', 110),
(182, 29, 18, '2026-01-24 15:30:00', 100),
(183, 30, 19, '2026-01-24 16:00:00', 90),
(184, 31, 20, '2026-01-24 16:30:00', 80),
(185, 32, 21, '2026-01-25 08:00:00', 120),
(186, 33, 22, '2026-01-25 08:30:00', 110),
(187, 34, 23, '2026-01-25 09:00:00', 100),
(188, 35, 24, '2026-01-25 09:30:00', 90),
(189, 36, 25, '2026-01-25 10:00:00', 80),
(190, 37, 26, '2026-01-25 10:30:00', 70),
(191, 38, 27, '2026-01-25 11:00:00', 100),
(192, 39, 28, '2026-01-25 11:30:00', 90),
(193, 40, 29, '2026-01-25 12:00:00', 80),
(194, 2, 41, '2026-01-25 12:30:00', 70),
(195, 3, 47, '2026-01-25 13:00:00', 110),
(196, 4, 56, '2026-01-25 13:30:00', 100),
(197, 5, 57, '2026-01-25 14:00:00', 90),
(198, 6, 61, '2026-01-25 14:30:00', 80),
(199, 7, 62, '2026-01-25 15:00:00', 120),
(200, 8, 64, '2026-01-25 15:30:00', 110),
(201, 10, 65, '2026-01-25 16:00:00', 100),
(202, 11, 66, '2026-01-25 16:30:00', 90),
(203, 12, 67, '2026-01-26 08:00:00', 80),
(204, 13, 68, '2026-01-26 08:30:00', 70),
(205, 14, 69, '2026-01-26 09:00:00', 110),
(206, 15, 70, '2026-01-26 09:30:00', 100),
(207, 16, 71, '2026-01-26 10:00:00', 90),
(208, 17, 72, '2026-01-26 10:30:00', 80),
(209, 18, 73, '2026-01-26 11:00:00', 120),
(210, 19, 74, '2026-01-26 11:30:00', 110),
(211, 20, 75, '2026-01-26 12:00:00', 100),
(212, 21, 76, '2026-01-26 12:30:00', 90),
(213, 22, 77, '2026-01-26 13:00:00', 80),
(214, 23, 78, '2026-01-26 13:30:00', 70),
(215, 24, 79, '2026-01-26 14:00:00', 110),
(216, 25, 80, '2026-01-26 14:30:00', 100),
(217, 26, 34, '2026-01-26 15:00:00', 90),
(218, 27, 35, '2026-01-26 15:30:00', 80),
(219, 28, 36, '2026-01-26 16:00:00', 120),
(220, 29, 37, '2026-01-26 16:30:00', 110),
(221, 30, 38, '2026-01-27 08:00:00', 100),
(222, 31, 39, '2026-01-27 08:30:00', 90),
(223, 32, 40, '2026-01-27 09:00:00', 80),
(224, 33, 41, '2026-01-27 09:30:00', 70),
(225, 34, 42, '2026-01-27 10:00:00', 110),
(226, 35, 43, '2026-01-27 10:30:00', 100),
(227, 36, 44, '2026-01-27 11:00:00', 90),
(228, 37, 45, '2026-01-27 11:30:00', 80),
(229, 38, 46, '2026-01-27 12:00:00', 120),
(230, 39, 47, '2026-01-27 12:30:00', 110),
(231, 40, 48, '2026-01-27 13:00:00', 100),
(232, 2, 49, '2026-01-27 13:30:00', 90),
(233, 3, 50, '2026-01-27 14:00:00', 80),
(234, 4, 51, '2026-01-27 14:30:00', 70),
(235, 5, 52, '2026-01-27 15:00:00', 110),
(236, 6, 53, '2026-01-27 15:30:00', 100),
(237, 7, 54, '2026-01-27 16:00:00', 90),
(238, 8, 55, '2026-01-27 16:30:00', 80),
(239, 10, 56, '2026-01-28 08:00:00', 120),
(240, 11, 57, '2026-01-28 08:30:00', 110),
(241, 12, 58, '2026-01-28 09:00:00', 100),
(242, 13, 59, '2026-01-28 09:30:00', 90),
(243, 14, 60, '2026-01-28 10:00:00', 80),
(244, 15, 61, '2026-01-28 10:30:00', 70);

-- =============================================
-- 9. 用户收藏数据
-- =============================================
INSERT INTO `user_favorite` (`id`, `user_id`, `product_id`, `create_time`) VALUES
(1, 2, 1, '2026-01-15 10:05:00'),
(2, 2, 3, '2026-01-15 11:05:00'),
(3, 2, 17, '2026-01-15 12:00:00'),
(4, 3, 4, '2026-01-16 08:10:00'),
(5, 3, 5, '2026-01-16 08:40:00'),
(6, 4, 10, '2026-01-16 09:35:00'),
(7, 4, 9, '2026-01-16 10:05:00'),
(8, 5, 2, '2026-01-17 07:35:00'),
(9, 5, 6, '2026-01-17 08:10:00'),
(10, 6, 15, '2026-01-17 09:10:00'),
(11, 7, 9, '2026-01-18 09:10:00'),
(12, 7, 20, '2026-01-18 09:40:00'),
(13, 8, 13, '2026-01-18 14:10:00'),
(14, 8, 18, '2026-01-18 14:30:00'),
(15, 11, 21, '2026-01-20 08:10:00'),
(16, 11, 22, '2026-01-20 08:40:00'),
(17, 11, 23, '2026-01-20 09:10:00'),
(18, 12, 24, '2026-01-20 09:10:00'),
(19, 12, 25, '2026-01-20 09:40:00'),
(20, 13, 27, '2026-01-20 10:10:00'),
(21, 13, 28, '2026-01-20 10:40:00'),
(22, 13, 19, '2026-01-20 11:10:00'),
(23, 14, 30, '2026-01-20 11:10:00'),
(24, 14, 31, '2026-01-20 11:40:00'),
(25, 14, 15, '2026-01-20 12:10:00'),
(26, 15, 32, '2026-01-21 08:10:00'),
(27, 15, 33, '2026-01-21 08:40:00'),
(28, 15, 14, '2026-01-21 09:10:00'),
(29, 16, 34, '2026-01-20 08:10:00'),
(30, 16, 35, '2026-01-20 08:40:00'),
(31, 16, 36, '2026-01-20 09:10:00'),
(32, 17, 42, '2026-01-20 08:10:00'),
(33, 17, 43, '2026-01-20 08:40:00'),
(34, 17, 80, '2026-01-20 09:10:00'),
(35, 18, 48, '2026-01-20 08:10:00'),
(36, 18, 49, '2026-01-20 08:40:00'),
(37, 18, 77, '2026-01-20 09:10:00'),
(38, 19, 39, '2026-01-20 08:10:00'),
(39, 19, 40, '2026-01-20 08:40:00'),
(40, 20, 41, '2026-01-20 08:10:00'),
(41, 20, 44, '2026-01-20 08:40:00'),
(42, 20, 63, '2026-01-20 09:10:00'),
(43, 21, 7, '2026-01-20 08:10:00'),
(44, 21, 23, '2026-01-20 08:40:00'),
(45, 22, 37, '2026-01-20 08:10:00'),
(46, 22, 38, '2026-01-20 08:40:00'),
(47, 23, 65, '2026-01-20 08:10:00'),
(48, 23, 66, '2026-01-20 08:40:00'),
(49, 24, 35, '2026-01-21 08:10:00'),
(50, 24, 58, '2026-01-21 08:40:00'),
(51, 25, 59, '2026-01-21 08:10:00'),
(52, 25, 61, '2026-01-21 08:40:00'),
(53, 26, 35, '2026-01-21 08:10:00'),
(54, 26, 43, '2026-01-21 08:40:00'),
(55, 27, 52, '2026-01-21 08:10:00'),
(56, 27, 53, '2026-01-21 08:40:00'),
(57, 28, 38, '2026-01-21 08:10:00'),
(58, 28, 62, '2026-01-21 08:40:00'),
(59, 29, 68, '2026-01-21 08:10:00'),
(60, 29, 69, '2026-01-21 08:40:00'),
(61, 30, 71, '2026-01-22 08:10:00'),
(62, 31, 64, '2026-01-22 08:10:00'),
(63, 32, 44, '2026-01-22 08:10:00'),
(64, 33, 53, '2026-01-22 08:10:00'),
(65, 34, 58, '2026-01-22 08:10:00'),
(66, 35, 50, '2026-01-22 08:10:00'),
(67, 36, 55, '2026-01-22 08:10:00'),
(68, 37, 39, '2026-01-22 08:10:00'),
(69, 38, 70, '2026-01-21 09:40:00'),
(70, 39, 68, '2026-01-21 10:10:00'),
(71, 40, 54, '2026-01-22 08:10:00'),
(72, 2, 35, '2026-01-25 10:00:00'),
(73, 3, 45, '2026-01-25 10:30:00'),
(74, 4, 48, '2026-01-25 11:00:00'),
(75, 5, 51, '2026-01-25 11:30:00'),
(76, 6, 77, '2026-01-25 12:00:00'),
(77, 7, 80, '2026-01-25 12:30:00'),
(78, 8, 74, '2026-01-25 13:00:00'),
(79, 10, 73, '2026-01-25 13:30:00'),
(80, 11, 35, '2026-01-25 14:00:00'),
(81, 12, 46, '2026-01-25 14:30:00'),
(82, 13, 49, '2026-01-25 15:00:00'),
(83, 14, 59, '2026-01-25 15:30:00'),
(84, 15, 33, '2026-01-25 16:00:00'),
(85, 16, 76, '2026-01-25 16:30:00'),
(86, 17, 46, '2026-01-26 08:00:00'),
(87, 18, 79, '2026-01-26 08:30:00'),
(88, 19, 40, '2026-01-26 09:00:00'),
(89, 20, 46, '2026-01-26 09:30:00'),
(90, 21, 75, '2026-01-26 10:00:00'),
(91, 22, 22, '2026-01-26 10:30:00'),
(92, 23, 67, '2026-01-26 11:00:00'),
(93, 24, 61, '2026-01-26 11:30:00'),
(94, 25, 45, '2026-01-26 12:00:00'),
(95, 26, 76, '2026-01-26 12:30:00'),
(96, 27, 55, '2026-01-26 13:00:00'),
(97, 28, 57, '2026-01-26 13:30:00'),
(98, 29, 72, '2026-01-26 14:00:00');

-- =============================================
-- 10. 论坛帖子数据
-- =============================================
INSERT INTO `forum_post` (`id`, `user_id`, `title`, `content`, `type`, `images`, `view_count`, `comment_count`, `status`, `create_time`) VALUES
(1, 2, '分享一下我的iPhone 15 Pro Max使用体验', '用了一周了，感觉非常棒！拍照效果提升很大，A17芯片性能强劲，游戏运行流畅。钛金属边框手感很好，比之前的不锈钢轻很多。大家有什么问题可以问我~', 2, 'https://picsum.photos/id/40/800/600,https://picsum.photos/id/41/800/600', 580, 3, 1, '2026-01-14 16:00:00'),
(2, 3, '求推荐一款性价比高的笔记本电脑', '预算1万左右，主要用来办公和偶尔玩游戏，大家有什么好的推荐吗？', 0, NULL, 320, 2, 1, '2026-01-15 09:00:00'),
(3, 10, '【志愿者招募】社区公益活动需要帮手', '我们社区将在下周末举办公益活动，需要志愿者帮忙。活动内容包括：环境清洁、物资分发等。有意向的朋友请留言报名！时间：1月20日上午9点-12点，地点：xxx社区广场', 1, 'https://picsum.photos/id/42/800/600', 450, 4, 1, '2026-01-15 14:00:00'),
(4, 4, '今天收到的连衣裙太好看了！', '在商城买的碎花连衣裙今天到了，质量很好，穿上很显瘦！推荐给大家~', 2, 'https://picsum.photos/id/43/800/600,https://picsum.photos/id/44/800/600', 680, 2, 1, '2026-01-16 11:00:00'),
(5, 5, '程序员必读书籍推荐', '最近在看《深入理解Java虚拟机》，内容很深入，对理解JVM原理很有帮助。推荐给各位Java开发者！另外还有《Effective Java》也很不错。', 0, NULL, 420, 3, 1, '2026-01-17 10:00:00'),
(6, 6, '【志愿者招募】图书馆整理志愿者', '市图书馆需要志愿者帮忙整理图书，每周六下午2点-5点，有兴趣的朋友可以报名参加。提供志愿者证书和午餐补贴。', 1, NULL, 280, 2, 1, '2026-01-17 15:00:00'),
(7, 7, '运动装备选购心得分享', '最近入手了Nike Air Max 270和阿迪达斯运动T恤，穿着跑步非常舒服。气垫鞋缓震效果很好，T恤速干透气。分享给喜欢运动的朋友们！', 2, 'https://picsum.photos/id/45/800/600', 350, 1, 1, '2026-01-18 11:00:00'),
(8, 8, '智能家居产品使用体验', '入手了小米智能台灯和戴森吸尘器，智能台灯护眼效果好，可以用APP控制很方便。戴森吸尘器吸力强劲，清洁效果很好。', 2, 'https://picsum.photos/id/46/800/600', 220, 1, 1, '2026-01-18 15:00:00'),
(9, 11, 'S24 Ultra 对比 15 Pro Max，哪款更强？', '最近入手了三星S24U，感觉AI功能太好玩了，拍照也很顶。之前用过朋友的iPhone 15PM，感觉系统流畅度还是苹果略胜一筹。大家觉得这两款旗舰机哪个更值得买？', 0, NULL, 420, 2, 1, '2026-01-21 10:00:00'),
(10, 12, '瑜伽新手装备推荐', '刚开始练瑜伽，做了很多功课买了Lululemon的裤子和Keep的跳绳热身用。想问一下大家还有没有推荐的瑜伽垫或者运动内衣品牌？', 2, 'https://picsum.photos/id/80/800/600', 310, 2, 1, '2026-01-21 14:00:00'),
(11, 13, '【志愿者招募】咖啡品鉴分享会', '本周六下午在xxx咖啡馆举办小型咖啡品鉴会，诚邀咖啡爱好者参加，现场有手冲教学和豆子分享。名额有限，评论区报名！', 1, 'https://picsum.photos/id/81/800/600', 280, 3, 1, '2026-01-22 09:00:00'),
(12, 14, '《架构整洁之道》读书笔记分享', '刚读完这本书，受益匪浅。整理了关于组件聚合、依赖边界的一些心得，分享给各位后端开发同学。', 0, NULL, 180, 1, 1, '2026-01-22 15:00:00'),
(13, 15, '租房改造好物分享', '刚租了单间，买了一些提升幸福感的小物：MUJI香薰机、ZARA HOME蜡烛、还有宜家的收纳盒。感觉房间瞬间温馨了！', 2, 'https://picsum.photos/id/82/800/600,https://picsum.photos/id/83/800/600', 520, 2, 1, '2026-01-23 10:00:00'),
(14, 16, 'iPad Pro 2024 值得入手吗？求建议', '最近考虑升级平板，主要用于画画和轻度剪辑。目前在看 iPad Pro M2 款，但听说新款快要发布了，有点纠结。有没有已经入手的朋友分享一下体验？', 0, NULL, 320, 3, 1, '2026-01-20 15:00:00'),
(15, 17, 'ZARA 早春新款风衣测评', '刚收到在商城买的风衣，版型超正！卡其色很显气质，通勤穿绝了。图2是上身效果，供姐妹们参考～', 2, 'https://picsum.photos/id/200/800/600,https://picsum.photos/id/201/800/600', 680, 4, 1, '2026-01-21 09:30:00'),
(16, 18, '【美食分享】拉面说哪款口味最好吃？', '作为一个拉面爱好者，最近囤了拉面说的豚骨和地狱辣味。豚骨汤底很浓，地狱辣是真的辣！大家还有推荐的口味吗？', 0, NULL, 250, 5, 1, '2026-01-21 14:00:00'),
(17, 19, 'Switch OLED 还是等 Switch 2？', '最近想入坑任天堂，看到商城 Switch OLED 价格不错。但传闻说明年会有新机，现在买会不会 49 年入国军？求打醒。', 0, NULL, 410, 6, 1, '2026-01-22 10:00:00'),
(18, 20, '【志愿者招募】周末公园公益跑活动', '本周日上午在朝阳公园组织公益跑，每跑一公里将为山区儿童捐赠一元。欢迎跑步爱好者报名参加，现场有专业教练带领热身。', 1, 'https://picsum.photos/id/202/800/600', 380, 5, 1, '2026-01-22 11:30:00'),
(19, 21, '索尼 WH-1000XM5 一个月使用体验', '降噪真的绝了，通勤地铁上世界都安静了。佩戴也很舒适，不夹头。音质比上一代有提升，低频更有弹性。附几张实拍图。', 2, 'https://picsum.photos/id/203/800/600,https://picsum.photos/id/204/800/600', 520, 3, 1, '2026-01-22 16:00:00'),
(20, 22, '新手摄影入门，选索尼 A7M4 还是 A7C2？', '纯新手，主要拍人像和扫街，视频需求不大。预算两万内，看了 A7M4 和 A7C2，前者专业但重，后者轻便但对焦更强。求各位大佬指点。', 0, NULL, 290, 4, 1, '2026-01-23 09:00:00'),
(21, 23, '主子镇楼！分享我家猫咪的日常', '养猫三年，最近入手了小佩智能猫砂盆，真的解放双手！再也不用每天铲屎了。附上我家主子美照，求夸～', 2, 'https://picsum.photos/id/205/800/600,https://picsum.photos/id/206/800/600', 720, 6, 1, '2026-01-23 14:30:00'),
(22, 24, '大学生预算 3000，求推荐笔记本电脑', '主要用于写论文、看网课，偶尔打 LOL。要求轻薄便携，续航好。目前看了联想小新和惠普战 66，大家觉得哪个更合适？', 0, NULL, 560, 7, 1, '2026-01-23 19:00:00'),
(23, 25, '《原子习惯》读书笔记 & 思维导图分享', '花了半个月读完这本书，收获巨大。整理了全书的核心观点和行动清单，做成思维导图分享给需要的同学。习惯改变命运，一起加油！', 2, 'https://picsum.photos/id/207/800/600', 430, 4, 1, '2026-01-24 10:00:00'),
(24, 26, '职场新人通勤穿搭求助', '刚入职一家互联网公司，发现同事们穿得都很休闲。自己平时穿得偏正式，有点格格不入。求推荐一些休闲又不失专业的通勤品牌。', 0, NULL, 310, 5, 1, '2026-01-24 11:30:00'),
(25, 27, '小米空气净化器 4 Pro 使用感受', '家里刚装修完，担心甲醛问题，买了这台净化器。数值显示很直观，开一会儿就能降到安全值。夜间模式几乎没声音，推荐给有需要的朋友。', 2, 'https://picsum.photos/id/208/800/600', 270, 2, 1, '2026-01-24 15:00:00'),
(26, 28, '【志愿者招募】山区儿童图书募捐活动', '下周末我们将前往云南山区小学捐赠图书，现面向社区募集适合 6-12 岁儿童的课外读物。新旧皆可，要求无破损。有意捐赠或同行者请留言！', 1, 'https://picsum.photos/id/209/800/600', 480, 6, 1, '2026-01-25 08:30:00'),
(27, 29, '宝妈必入！Babycare 湿巾无限回购', '从大宝用到二宝，这款湿巾真的没话说。水分足，无酒精不刺激，擦手擦嘴都放心。每次活动必囤，分享给各位宝妈。', 2, 'https://picsum.photos/id/210/800/600', 650, 5, 1, '2026-01-25 14:00:00'),
(28, 30, 'SK-II 神仙水到底值不值？', '被各种种草，狠心买了一瓶。用了两周，感觉皮肤确实变细腻了，闭口也少了。但价格是真的肉疼，大家觉得这个价位值吗？', 0, NULL, 390, 7, 1, '2026-01-25 20:00:00'),
(29, 31, '周末骑行装备清单分享', '入坑骑行三个月，整理了一下自己觉得好用的装备：骆驼冲锋衣防风不错，迪卡侬背包容量刚好，GoPro 记录骑行风景。欢迎骑友交流～', 2, 'https://picsum.photos/id/211/800/600,https://picsum.photos/id/212/800/600', 340, 3, 1, '2026-01-26 09:00:00'),
(30, 33, 'Bruno 料理锅解锁家庭烤肉', '周末用新买的 Bruno 料理锅在家烤肉，简直不要太幸福！加热很快，油烟也小。配图是成品，馋哭隔壁小孩。', 2, 'https://picsum.photos/id/213/800/600,https://picsum.photos/id/214/800/600', 460, 4, 1, '2026-01-26 16:00:00'),
(31, 34, '程序员必读的 5 本经典书籍', '从事开发五年，推荐几本对我帮助最大的书：《代码整洁之道》《架构整洁之道》《深入理解计算机系统》《设计模式》《重构》。每本都值得反复读。', 0, NULL, 580, 8, 1, '2026-01-27 10:30:00'),
(32, 35, '三顿半 vs 永璞，哪家咖啡更好喝？', '最近入了咖啡坑，尝试了三顿半和永璞的冻干粉。个人更喜欢三顿半的 4 号，酸苦平衡。大家平时喝哪款？有没有其他推荐？', 0, NULL, 210, 5, 1, '2026-01-27 15:00:00'),
(33, 40, '退休后的慢生活：养花喝茶看云', '退休一年了，每天打理小花园，喝喝茶，日子过得很惬意。最近在商城买了九阳破壁机，每天早上打豆浆，营养又健康。', 2, 'https://picsum.photos/id/215/800/600', 300, 3, 1, '2026-01-28 09:30:00');
-- =============================================
-- 11. 论坛评论数据
-- =============================================
INSERT INTO `forum_comment` (`id`, `post_id`, `user_id`, `content`, `parent_id`, `status`, `create_time`) VALUES
(1, 1, 3, '看起来不错，请问续航怎么样？', 0, 1, '2026-01-14 17:00:00'),
(2, 1, 2, '续航比上一代好很多，正常使用一天没问题', 1, 1, '2026-01-14 17:30:00'),
(3, 1, 4, '种草了，准备入手一台', 0, 1, '2026-01-14 18:00:00'),
(4, 2, 5, '推荐ThinkPad X1 Carbon，商务本首选', 0, 1, '2026-01-15 10:00:00'),
(5, 2, 6, 'MacBook Pro也不错，就是价格稍贵', 0, 1, '2026-01-15 11:00:00'),
(6, 3, 4, '我报名参加！', 0, 1, '2026-01-15 15:00:00'),
(7, 3, 7, '支持公益活动，我也报名', 0, 1, '2026-01-15 16:00:00'),
(8, 3, 6, '请问需要带什么吗？', 0, 1, '2026-01-15 17:00:00'),
(9, 3, 10, '不需要带东西，我们会准备好物资的', 8, 1, '2026-01-15 17:30:00'),
(10, 4, 7, '好看！求链接', 0, 1, '2026-01-16 12:00:00'),
(11, 4, 4, '在商城搜索"连衣裙女夏季新款"就能找到', 10, 1, '2026-01-16 12:30:00'),
(12, 5, 6, '这本书确实很经典，我也在看', 0, 1, '2026-01-17 11:00:00'),
(13, 5, 8, '感谢推荐，已加入购物车', 0, 1, '2026-01-17 12:00:00'),
(14, 5, 3, '《代码整洁之道》也很推荐', 0, 1, '2026-01-17 13:00:00'),
(15, 6, 7, '我想报名，请问怎么联系？', 0, 1, '2026-01-17 16:00:00'),
(16, 6, 6, '可以私信我，我发你联系方式', 15, 1, '2026-01-17 16:30:00'),
(17, 7, 4, '运动装备确实要选好的，舒适最重要', 0, 1, '2026-01-18 12:00:00'),
(18, 8, 5, '小米智能家居性价比很高', 0, 1, '2026-01-18 16:00:00'),
(19, 9, 2, '我用的15PM，感觉录像还是苹果强', 0, 1, '2026-01-21 11:00:00'),
(20, 9, 5, '三星的系统可玩性高，适合爱折腾的人', 0, 1, '2026-01-21 12:00:00'),
(21, 10, 7, '瑜伽垫推荐Manduka或者Liforme，虽然贵但值得', 0, 1, '2026-01-21 15:00:00'),
(22, 10, 4, '内衣推荐lorna jane，支撑性好', 0, 1, '2026-01-21 16:00:00'),
(23, 11, 8, '报名！最喜欢喝咖啡了', 0, 1, '2026-01-22 10:00:00'),
(24, 11, 3, '报名+1', 0, 1, '2026-01-22 10:30:00'),
(25, 11, 13, '大家记得私信我联系方式哦', 0, 1, '2026-01-22 11:00:00'),
(26, 12, 6, '期待后续分享，这本书确实值得多读几遍', 0, 1, '2026-01-22 16:00:00'),
(27, 13, 10, '布置得好温馨！求一个蜡烛链接', 0, 1, '2026-01-23 11:00:00'),
(28, 13, 15, '在商城搜"ZARA HOME 香薰蜡烛"就行', 27, 1, '2026-01-23 11:30:00'),
-- 帖子14的评论
(29, 14, 11, '同问，我还在犹豫要不要等新款', 0, 1, '2026-01-20 16:00:00'),
(30, 14, 19, 'M2 芯片已经很强了，早买早享受', 0, 1, '2026-01-20 17:00:00'),
(31, 14, 16, '我也觉得，而且新款估计很贵', 30, 1, '2026-01-20 18:00:00'),
-- 帖子15的评论
(32, 15, 7, '好看！求个货号', 0, 1, '2026-01-21 10:00:00'),
(33, 15, 17, '货号是 1234/567，直接搜也行', 32, 1, '2026-01-21 10:30:00'),
(34, 15, 12, '这个颜色黄皮能穿吗？', 0, 1, '2026-01-21 11:00:00'),
(35, 15, 17, '可以的，卡其色不挑肤色', 34, 1, '2026-01-21 11:30:00'),
-- 帖子16的评论
(36, 16, 13, '豚骨永远的神！', 0, 1, '2026-01-21 15:00:00'),
(37, 16, 33, '冬阴功口味也不错，酸辣开胃', 0, 1, '2026-01-21 16:00:00'),
(38, 16, 18, '种草冬阴功了，下次试试', 37, 1, '2026-01-21 17:00:00'),
(39, 16, 5, '番茄豚骨也好吃！', 0, 1, '2026-01-21 18:00:00'),
(40, 16, 18, '番茄味确实经典，适合不吃辣的', 39, 1, '2026-01-21 19:00:00'),
-- 帖子17的评论
(41, 17, 37, '早买早享受，Switch 好游戏太多了', 0, 1, '2026-01-22 11:00:00'),
(42, 17, 24, '学生党已经冲了 OLED，不后悔', 0, 1, '2026-01-22 12:00:00'),
(43, 17, 19, '感谢大家，已下单！', 0, 1, '2026-01-22 13:00:00'),
(44, 17, 6, '恭喜入坑，推荐塞尔达', 43, 1, '2026-01-22 14:00:00'),
(45, 17, 19, '好嘞，第一个就玩它', 44, 1, '2026-01-22 15:00:00'),
(46, 17, 11, 'OLED 屏幕确实香', 0, 1, '2026-01-22 16:00:00'),
-- 帖子18的评论
(47, 18, 12, '报名！正好周末有空', 0, 1, '2026-01-22 12:00:00'),
(48, 18, 20, '好的，记得穿运动鞋', 47, 1, '2026-01-22 12:30:00'),
(49, 18, 32, '加我一个，可以带朋友吗？', 0, 1, '2026-01-22 13:00:00'),
(50, 18, 20, '当然可以，欢迎', 49, 1, '2026-01-22 13:30:00'),
(51, 18, 31, '公益活动支持！', 0, 1, '2026-01-22 14:00:00'),
-- 帖子19的评论
(52, 19, 21, '补一张佩戴图', 0, 1, '2026-01-22 17:00:00'),
(53, 19, 8, '和 Bose QC45 比哪个好？', 0, 1, '2026-01-22 18:00:00'),
(54, 19, 21, '降噪索尼强，佩戴 Bose 更舒适', 53, 1, '2026-01-22 19:00:00'),
-- 帖子20的评论
(55, 20, 28, '拍人像多的话，A7C2 对焦更友好', 0, 1, '2026-01-23 10:00:00'),
(56, 20, 16, 'A7M4 双卡槽干活更稳', 0, 1, '2026-01-23 11:00:00'),
(57, 20, 22, '谢谢建议，我再纠结一下', 55, 1, '2026-01-23 12:00:00'),
(58, 20, 2, '同新手，准备入 A7C2', 0, 1, '2026-01-23 13:00:00'),
-- 帖子21的评论
(59, 21, 38, '猫咪好可爱！', 0, 1, '2026-01-23 15:00:00'),
(60, 21, 23, '谢谢夸奖～', 59, 1, '2026-01-23 15:30:00'),
(61, 21, 29, '智能猫砂盆真的好用吗？会卡住吗？', 0, 1, '2026-01-23 16:00:00'),
(62, 21, 23, '我家用着没问题，感应很灵敏', 61, 1, '2026-01-23 16:30:00'),
(63, 21, 15, '求链接！', 0, 1, '2026-01-23 17:00:00'),
(64, 21, 23, '商城搜“小佩智能猫砂盆”', 63, 1, '2026-01-23 17:30:00'),
-- 帖子22的评论
(65, 22, 26, '联想小新性价比高', 0, 1, '2026-01-23 20:00:00'),
(66, 22, 14, '惠普战 66 接口更丰富，适合学生', 0, 1, '2026-01-23 21:00:00'),
(67, 22, 24, '我也倾向小新，颜值高', 65, 1, '2026-01-24 08:00:00'),
(68, 22, 6, '加点钱上 ThinkBook 也不错', 0, 1, '2026-01-24 09:00:00'),
(69, 22, 24, '预算不够啊，还是小新吧', 68, 1, '2026-01-24 09:30:00'),
(70, 22, 3, '小新用户路过，用了一年没毛病', 0, 1, '2026-01-24 10:00:00'),
(71, 22, 24, '放心了，就它了', 70, 1, '2026-01-24 10:30:00'),
-- 帖子23的评论
(72, 23, 34, '思维导图太棒了，已保存', 0, 1, '2026-01-24 11:00:00'),
(73, 23, 14, '感谢分享，我也在读这本书', 0, 1, '2026-01-24 12:00:00'),
(74, 23, 25, '有帮助就好，一起进步', 72, 1, '2026-01-24 13:00:00'),
(75, 23, 8, '期待更多读书笔记', 0, 1, '2026-01-24 14:00:00'),
-- 帖子24的评论
(76, 24, 17, '推荐优衣库和 Massimo Dutti', 0, 1, '2026-01-24 12:00:00'),
(77, 24, 27, 'COS 也不错，简约有质感', 0, 1, '2026-01-24 13:00:00'),
(78, 24, 26, '谢谢大家，我去逛逛', 0, 1, '2026-01-24 14:00:00'),
(79, 24, 2, '同为职场新人，收藏了', 0, 1, '2026-01-24 15:00:00'),
(80, 24, 26, '一起加油', 79, 1, '2026-01-24 15:30:00'),
-- 帖子25的评论
(81, 25, 36, '除甲醛效果怎么样？', 0, 1, '2026-01-24 16:00:00'),
(82, 25, 27, '数值降得很快，感觉有用', 81, 1, '2026-01-24 17:00:00'),
-- 帖子26的评论
(83, 26, 25, '我有一批闲置的童书，怎么捐？', 0, 1, '2026-01-25 09:00:00'),
(84, 26, 28, '可以寄到帖子里的地址，或者线下给我', 83, 1, '2026-01-25 10:00:00'),
(85, 26, 39, '支持！我周末有空可以去帮忙', 0, 1, '2026-01-25 11:00:00'),
(86, 26, 28, '太好了，私信你具体安排', 85, 1, '2026-01-25 12:00:00'),
(87, 26, 29, '已下单买了一套新书寄过去', 0, 1, '2026-01-25 13:00:00'),
(88, 26, 28, '感谢爱心！', 87, 1, '2026-01-25 14:00:00'),
-- 帖子27的评论
(89, 27, 38, '同款湿巾，用了两年了', 0, 1, '2026-01-25 15:00:00'),
(90, 27, 39, '我家也用这个，擦屁屁不红', 0, 1, '2026-01-25 16:00:00'),
(91, 27, 27, '活动价确实划算，我也囤了', 0, 1, '2026-01-25 17:00:00'),
(92, 27, 29, '当妈的都一样哈哈哈', 89, 1, '2026-01-25 18:00:00'),
(93, 27, 23, '原来人用的湿巾这么好，下次试试', 0, 1, '2026-01-25 19:00:00'),
-- 帖子28的评论
(94, 28, 15, '我也在纠结，价格太贵了', 0, 1, '2026-01-25 21:00:00'),
(95, 28, 17, '有效果就值，毕竟脸最重要', 0, 1, '2026-01-25 22:00:00'),
(96, 28, 30, '打算用完这瓶再看要不要回购', 0, 1, '2026-01-26 08:00:00'),
(97, 28, 4, '干皮表示神仙水不太适合', 0, 1, '2026-01-26 09:00:00'),
(98, 28, 30, '确实，干皮可能不够保湿', 97, 1, '2026-01-26 10:00:00'),
(99, 28, 7, '油皮亲妈，用了痘痘都少了', 0, 1, '2026-01-26 11:00:00'),
(100, 28, 30, '我也是油皮，看来买对了', 99, 1, '2026-01-26 12:00:00'),
-- 帖子29的评论
(101, 29, 20, 'GoPro 拍骑行确实稳', 0, 1, '2026-01-26 10:00:00'),
(102, 29, 31, '是的，防抖太强了', 101, 1, '2026-01-26 11:00:00'),
(103, 29, 32, '求推荐入门公路车', 0, 1, '2026-01-26 12:00:00'),
-- 帖子30的评论
(104, 30, 18, '看饿了，Bruno 颜值好高', 0, 1, '2026-01-26 17:00:00'),
(105, 30, 27, '这个锅清洗方便吗？', 0, 1, '2026-01-26 18:00:00'),
(106, 30, 33, '不粘涂层，一擦就干净', 105, 1, '2026-01-26 19:00:00'),
(107, 30, 10, '我也买了，周末烤肉约起来', 0, 1, '2026-01-26 20:00:00'),
-- 帖子31的评论
(108, 31, 14, '这几本确实经典，都读过', 0, 1, '2026-01-27 11:00:00'),
(109, 31, 5, '《重构》第二版更好', 0, 1, '2026-01-27 12:00:00'),
(110, 31, 34, '是的，我读的就是第二版', 109, 1, '2026-01-27 13:00:00'),
(111, 31, 26, '刚入行，先收藏了', 0, 1, '2026-01-27 14:00:00'),
(112, 31, 2, '补充一本《Clean Code》', 0, 1, '2026-01-27 15:00:00'),
(113, 31, 34, '那本也很经典', 112, 1, '2026-01-27 16:00:00'),
(114, 31, 6, '感谢推荐，已加购物车', 0, 1, '2026-01-27 17:00:00'),
(115, 31, 34, '不客气，加油', 114, 1, '2026-01-27 18:00:00'),
-- 帖子32的评论
(116, 32, 13, '三顿半 5 号也不错，深度烘焙', 0, 1, '2026-01-27 16:00:00'),
(117, 32, 18, '永璞的榛果味很香', 0, 1, '2026-01-27 17:00:00'),
(118, 32, 35, '看来我要多试几个口味', 0, 1, '2026-01-27 18:00:00'),
(119, 32, 33, '隅田川的挂耳也可以试试', 0, 1, '2026-01-27 19:00:00'),
(120, 32, 35, '收到，慢慢尝', 119, 1, '2026-01-27 20:00:00'),
-- 帖子33的评论
(121, 33, 36, '羡慕这种生活状态', 0, 1, '2026-01-28 10:00:00'),
(122, 33, 40, '谢谢，退休了就该享受生活', 121, 1, '2026-01-28 11:00:00'),
(123, 33, 27, '破壁机打豆浆确实细腻', 0, 1, '2026-01-28 12:00:00');


-- =============================================
-- 12. 用户商品评分数据（用于协同过滤算法）
-- =============================================
INSERT INTO `user_product_rating` (`id`, `user_id`, `product_id`, `rating`, `browse_score`, `cart_score`, `favorite_score`, `buy_score`, `comment_score`, `create_time`) VALUES
-- 用户2的评分数据
(1, 2, 1, 1.60, 0.10, 0.30, 0.30, 0.50, 0.20, '2026-01-15 10:00:00'),
(2, 2, 2, 0.10, 0.10, 0.00, 0.00, 0.00, 0.00, '2026-01-15 10:30:00'),
(3, 2, 3, 1.30, 0.10, 0.30, 0.30, 0.50, 0.20, '2026-01-15 11:00:00'),
(4, 2, 4, 0.10, 0.10, 0.00, 0.00, 0.00, 0.00, '2026-01-15 11:30:00'),
(5, 2, 11, 0.40, 0.10, 0.30, 0.00, 0.00, 0.00, '2026-01-15 14:00:00'),
(6, 2, 17, 0.30, 0.00, 0.00, 0.30, 0.00, 0.00, '2026-01-15 12:00:00'),
-- 用户3的评分数据
(7, 3, 1, 0.20, 0.00, 0.00, 0.00, 0.00, 0.20, '2026-01-14 10:00:00'),
(8, 3, 4, 1.50, 0.10, 0.30, 0.30, 0.50, 0.20, '2026-01-16 08:00:00'),
(9, 3, 5, 0.40, 0.10, 0.00, 0.30, 0.00, 0.00, '2026-01-16 08:30:00'),
(10, 3, 8, 0.40, 0.10, 0.30, 0.00, 0.00, 0.00, '2026-01-16 09:00:00'),
-- 用户4的评分数据
(11, 4, 10, 1.50, 0.10, 0.30, 0.30, 0.50, 0.20, '2026-01-16 09:30:00'),
(12, 4, 9, 0.40, 0.10, 0.00, 0.30, 0.00, 0.00, '2026-01-16 10:00:00'),
(13, 4, 14, 0.40, 0.10, 0.30, 0.00, 0.00, 0.00, '2026-01-16 10:30:00'),
(14, 4, 8, 0.70, 0.00, 0.00, 0.00, 0.50, 0.20, '2026-01-15 14:00:00'),
-- 用户5的评分数据
(15, 5, 2, 1.10, 0.10, 0.30, 0.30, 0.50, 0.20, '2026-01-17 07:30:00'),
(16, 5, 6, 0.40, 0.10, 0.00, 0.30, 0.00, 0.00, '2026-01-17 08:00:00'),
(17, 5, 7, 0.40, 0.10, 0.30, 0.00, 0.00, 0.00, '2026-01-17 08:30:00'),
(18, 5, 11, 0.70, 0.00, 0.00, 0.00, 0.50, 0.20, '2026-01-16 15:00:00'),
-- 用户6的评分数据
(19, 6, 15, 0.90, 0.10, 0.30, 0.30, 0.00, 0.20, '2026-01-17 09:00:00'),
(20, 6, 16, 0.40, 0.10, 0.30, 0.00, 0.00, 0.00, '2026-01-17 09:30:00'),
(21, 6, 11, 0.50, 0.00, 0.00, 0.00, 0.50, 0.00, '2026-01-14 11:00:00'),
-- 用户7的评分数据
(22, 7, 9, 0.90, 0.10, 0.30, 0.30, 0.00, 0.20, '2026-01-18 09:00:00'),
(23, 7, 20, 0.50, 0.10, 0.30, 0.30, 0.00, 0.00, '2026-01-18 09:30:00'),
(24, 7, 8, 0.60, 0.10, 0.00, 0.00, 0.50, 0.00, '2026-01-18 10:00:00'),
(25, 7, 7, 0.20, 0.00, 0.00, 0.00, 0.00, 0.20, '2026-01-18 10:00:00'),
-- 用户8的评分数据
(26, 8, 13, 0.70, 0.10, 0.00, 0.30, 0.00, 0.20, '2026-01-18 14:00:00'),
(27, 8, 18, 0.30, 0.00, 0.00, 0.30, 0.00, 0.00, '2026-01-18 14:30:00'),
-- 用户11: 数码控 (21,22,23,1,17)
(28, 11, 21, 1.60, 0.10, 0.30, 0.30, 0.50, 0.20, '2026-01-21 16:00:00'),
(29, 11, 22, 1.10, 0.10, 0.30, 0.30, 0.50, 0.00, '2026-01-20 13:00:00'),
(30, 11, 23, 0.70, 0.10, 0.00, 0.30, 0.00, 0.00, '2026-01-20 09:10:00'),
(31, 11, 1, 0.10, 0.10, 0.00, 0.00, 0.00, 0.00, '2026-01-20 10:00:00'),
(32, 11, 17, 0.10, 0.10, 0.00, 0.00, 0.00, 0.00, '2026-01-20 10:30:00'),
-- 用户12: 运动达人 (24,25,26,9,20)
(33, 12, 24, 1.50, 0.10, 0.30, 0.30, 0.50, 0.20, '2026-01-22 10:00:00'),
(34, 12, 25, 0.40, 0.10, 0.00, 0.30, 0.00, 0.00, '2026-01-20 09:40:00'),
(35, 12, 26, 1.10, 0.10, 0.30, 0.00, 0.50, 0.00, '2026-01-20 15:30:00'),
(36, 12, 9, 0.10, 0.10, 0.00, 0.00, 0.00, 0.00, '2026-01-20 10:30:00'),
(37, 12, 20, 0.10, 0.10, 0.00, 0.00, 0.00, 0.00, '2026-01-20 11:00:00'),
-- 用户13: 咖啡控 (27,28,19,11,29)
(38, 13, 27, 1.60, 0.10, 0.30, 0.30, 0.50, 0.20, '2026-01-22 11:00:00'),
(39, 13, 28, 0.70, 0.10, 0.00, 0.30, 0.00, 0.00, '2026-01-20 10:40:00'),
(40, 13, 19, 0.40, 0.10, 0.00, 0.30, 0.00, 0.00, '2026-01-20 11:10:00'),
(41, 13, 11, 0.10, 0.10, 0.00, 0.00, 0.00, 0.00, '2026-01-20 11:30:00'),
(42, 13, 29, 0.60, 0.10, 0.00, 0.00, 0.50, 0.00, '2026-01-21 10:30:00'),
-- 用户14: 书虫 (30,31,15,16)
(43, 14, 30, 1.20, 0.10, 0.30, 0.30, 0.50, 0.20, '2026-01-22 14:00:00'),
(44, 14, 31, 0.90, 0.10, 0.30, 0.30, 0.50, 0.00, '2026-01-21 14:30:00'),
(45, 14, 15, 0.40, 0.10, 0.00, 0.30, 0.00, 0.00, '2026-01-20 12:10:00'),
(46, 14, 16, 0.10, 0.10, 0.00, 0.00, 0.00, 0.00, '2026-01-20 12:30:00'),
-- 用户15: 家居控 (32,33,14,13,18)
(47, 15, 32, 1.50, 0.10, 0.30, 0.30, 0.50, 0.20, '2026-01-22 15:00:00'),
(48, 15, 33, 0.90, 0.10, 0.30, 0.30, 0.50, 0.00, '2026-01-22 09:00:00'),
(49, 15, 14, 0.40, 0.10, 0.00, 0.30, 0.00, 0.00, '2026-01-21 09:10:00'),
(50, 15, 13, 0.10, 0.10, 0.00, 0.00, 0.00, 0.00, '2026-01-21 09:30:00'),
(51, 15, 18, 0.10, 0.10, 0.00, 0.00, 0.00, 0.00, '2026-01-21 10:00:00'),
-- 数码极客16
(52, 16, 34, 1.60, 0.10, 0.30, 0.30, 0.50, 0.20, '2026-01-20 10:00:00'),
(53, 16, 35, 1.10, 0.10, 0.30, 0.30, 0.50, 0.00, '2026-01-24 11:30:00'),
(54, 16, 36, 0.90, 0.10, 0.30, 0.30, 0.00, 0.20, '2026-01-20 11:00:00'),
(55, 16, 37, 0.10, 0.10, 0.00, 0.00, 0.00, 0.00, '2026-01-20 09:30:00'),
(56, 16, 74, 0.40, 0.10, 0.30, 0.00, 0.00, 0.00, '2026-01-20 10:00:00'),
(57, 16, 76, 0.70, 0.10, 0.00, 0.30, 0.00, 0.20, '2026-01-29 11:00:00'),
-- 时尚达人17
(58, 17, 42, 1.50, 0.10, 0.30, 0.30, 0.50, 0.20, '2026-01-20 14:00:00'),
(59, 17, 43, 1.10, 0.10, 0.30, 0.30, 0.50, 0.00, '2026-01-22 08:30:00'),
(60, 17, 46, 0.70, 0.10, 0.00, 0.30, 0.00, 0.00, '2026-01-26 08:00:00'),
(61, 17, 47, 0.10, 0.10, 0.00, 0.00, 0.00, 0.00, '2026-01-20 09:30:00'),
(62, 17, 80, 0.70, 0.10, 0.30, 0.30, 0.00, 0.00, '2026-01-20 10:00:00'),
-- 吃货18
(63, 18, 48, 1.50, 0.10, 0.30, 0.30, 0.50, 0.20, '2026-01-21 09:00:00'),
(64, 18, 49, 1.10, 0.10, 0.30, 0.30, 0.50, 0.00, '2026-01-19 15:00:00'),
(65, 18, 77, 0.90, 0.10, 0.30, 0.30, 0.00, 0.00, '2026-01-20 09:30:00'),
(66, 18, 78, 0.10, 0.10, 0.00, 0.00, 0.00, 0.00, '2026-01-20 10:00:00'),
(67, 18, 79, 0.70, 0.10, 0.00, 0.30, 0.00, 0.20, '2026-01-29 15:00:00'),
-- 游戏玩家19
(68, 19, 39, 1.60, 0.10, 0.30, 0.30, 0.50, 0.20, '2026-01-21 10:00:00'),
(69, 19, 40, 0.90, 0.10, 0.30, 0.30, 0.00, 0.00, '2026-01-26 09:00:00'),
(70, 19, 35, 0.10, 0.10, 0.30, 0.00, 0.00, 0.00, '2026-01-20 09:00:00'),
-- 健身狂人20
(71, 20, 41, 0.70, 0.10, 0.30, 0.30, 0.00, 0.00, '2026-01-20 08:40:00'),
(72, 20, 44, 1.50, 0.10, 0.30, 0.30, 0.50, 0.20, '2026-01-21 11:00:00'),
(73, 20, 63, 0.40, 0.10, 0.30, 0.30, 0.00, 0.00, '2026-01-20 09:10:00'),
(74, 20, 46, 0.70, 0.10, 0.00, 0.30, 0.00, 0.00, '2026-01-26 09:30:00'),
-- 音乐发烧友21
(75, 21, 7, 1.10, 0.10, 0.30, 0.30, 0.50, 0.20, '2026-01-21 14:00:00'),
(76, 21, 23, 0.70, 0.10, 0.30, 0.30, 0.00, 0.00, '2026-01-20 08:40:00'),
(77, 21, 75, 0.70, 0.10, 0.00, 0.30, 0.00, 0.20, '2026-01-30 10:00:00'),
-- 摄影爱好者22
(78, 22, 37, 1.60, 0.10, 0.30, 0.30, 0.50, 0.20, '2026-01-22 09:00:00'),
(79, 22, 38, 0.70, 0.10, 0.30, 0.30, 0.00, 0.00, '2026-01-20 08:40:00'),
(80, 22, 22, 0.40, 0.10, 0.00, 0.30, 0.00, 0.00, '2026-01-26 10:30:00'),
-- 爱宠人士23
(81, 23, 65, 1.10, 0.10, 0.30, 0.30, 0.50, 0.20, '2026-01-22 10:00:00'),
(82, 23, 66, 1.50, 0.10, 0.30, 0.30, 0.50, 0.20, '2026-01-22 11:00:00'),
(83, 23, 67, 0.70, 0.10, 0.30, 0.30, 0.00, 0.00, '2026-01-26 11:00:00'),
-- 大学生24
(84, 24, 35, 1.10, 0.10, 0.30, 0.30, 0.50, 0.20, '2026-01-22 14:00:00'),
(85, 24, 58, 0.70, 0.10, 0.30, 0.30, 0.00, 0.00, '2026-01-21 08:40:00'),
(86, 24, 60, 0.40, 0.10, 0.30, 0.00, 0.00, 0.00, '2026-01-21 09:00:00'),
(87, 24, 61, 0.70, 0.10, 0.00, 0.30, 0.00, 0.20, '2026-01-30 11:00:00'),
-- 大学生25
(88, 25, 59, 1.50, 0.10, 0.30, 0.30, 0.50, 0.20, '2026-01-22 15:00:00'),
(89, 25, 61, 0.70, 0.10, 0.30, 0.30, 0.00, 0.00, '2026-01-21 08:40:00'),
(90, 25, 45, 0.40, 0.10, 0.30, 0.30, 0.00, 0.00, '2026-01-26 12:00:00'),
-- 职场新人26
(91, 26, 35, 1.10, 0.10, 0.30, 0.30, 0.50, 0.00, '2026-01-22 08:30:00'),
(92, 26, 43, 1.20, 0.10, 0.30, 0.30, 0.50, 0.20, '2026-01-23 09:00:00'),
(93, 26, 36, 0.40, 0.10, 0.30, 0.00, 0.00, 0.00, '2026-01-21 08:30:00'),
(94, 26, 76, 0.70, 0.10, 0.00, 0.30, 0.00, 0.00, '2026-01-26 12:30:00'),
-- 居家能手27
(95, 27, 52, 1.50, 0.10, 0.30, 0.30, 0.50, 0.20, '2026-01-23 10:00:00'),
(96, 27, 53, 0.70, 0.10, 0.30, 0.30, 0.00, 0.00, '2026-01-21 08:40:00'),
(97, 27, 54, 0.40, 0.10, 0.30, 0.00, 0.00, 0.00, '2026-01-21 09:00:00'),
(98, 27, 55, 0.70, 0.10, 0.00, 0.30, 0.00, 0.00, '2026-01-26 13:00:00'),
-- 旅行者28
(99, 28, 38, 1.10, 0.10, 0.30, 0.30, 0.50, 0.20, '2026-01-23 11:00:00'),
(100, 28, 62, 0.70, 0.10, 0.30, 0.30, 0.00, 0.00, '2026-01-21 08:40:00'),
(101, 28, 57, 0.70, 0.10, 0.30, 0.30, 0.00, 0.20, '2026-01-29 09:00:00'),
-- 宝妈29
(102, 29, 68, 1.10, 0.10, 0.30, 0.30, 0.50, 0.20, '2026-01-23 14:00:00'),
(103, 29, 69, 0.70, 0.10, 0.30, 0.30, 0.00, 0.00, '2026-01-21 08:40:00'),
(104, 29, 72, 0.70, 0.10, 0.00, 0.00, 0.00, 0.20, '2026-01-29 10:00:00'),
-- 艺术青年30
(105, 30, 71, 1.50, 0.10, 0.30, 0.30, 0.50, 0.20, '2026-01-23 15:00:00'),
(106, 30, 72, 0.10, 0.10, 0.00, 0.00, 0.00, 0.00, '2026-01-22 08:30:00'),
(107, 30, 73, 0.10, 0.10, 0.00, 0.00, 0.00, 0.00, '2026-01-22 09:00:00'),
-- 骑行爱好者31
(108, 31, 64, 1.50, 0.10, 0.30, 0.30, 0.50, 0.20, '2026-01-24 09:00:00'),
(109, 31, 62, 0.10, 0.10, 0.00, 0.00, 0.00, 0.00, '2026-01-22 08:30:00'),
-- 跑者32
(110, 32, 44, 1.50, 0.10, 0.30, 0.30, 0.50, 0.20, '2026-01-24 10:00:00'),
(111, 32, 63, 0.70, 0.10, 0.00, 0.30, 0.00, 0.00, '2026-01-22 08:30:00'),
-- 烘焙能手33
(112, 33, 53, 1.50, 0.10, 0.30, 0.30, 0.50, 0.20, '2026-01-24 11:00:00'),
(113, 33, 54, 0.10, 0.10, 0.00, 0.00, 0.00, 0.00, '2026-01-22 08:30:00'),
-- 码字工人34
(114, 34, 58, 1.50, 0.10, 0.30, 0.30, 0.50, 0.20, '2026-01-24 14:00:00'),
(115, 34, 59, 0.10, 0.10, 0.00, 0.00, 0.00, 0.00, '2026-01-22 08:30:00'),
-- 品茶人35
(116, 35, 50, 1.10, 0.10, 0.30, 0.30, 0.50, 0.20, '2026-01-24 15:00:00'),
(117, 35, 51, 0.10, 0.10, 0.00, 0.00, 0.00, 0.00, '2026-01-22 08:30:00'),
-- 园艺师36
(118, 36, 55, 1.50, 0.10, 0.30, 0.30, 0.50, 0.20, '2026-01-25 09:00:00'),
(119, 36, 52, 0.10, 0.10, 0.00, 0.00, 0.00, 0.00, '2026-01-22 08:30:00'),
-- 手办收藏家37
(120, 37, 39, 1.20, 0.10, 0.30, 0.30, 0.50, 0.20, '2026-01-25 10:00:00'),
(121, 37, 40, 0.10, 0.10, 0.00, 0.00, 0.00, 0.00, '2026-01-22 08:30:00'),
-- 二胎妈妈38
(122, 38, 70, 1.50, 0.10, 0.30, 0.30, 0.50, 0.20, '2026-01-25 11:00:00'),
(123, 38, 68, 0.70, 0.10, 0.30, 0.00, 0.00, 0.20, '2026-01-29 14:00:00'),
-- 超级奶爸39
(124, 39, 68, 1.10, 0.10, 0.30, 0.30, 0.50, 0.20, '2026-01-25 14:00:00'),
(125, 39, 69, 0.10, 0.10, 0.00, 0.00, 0.00, 0.00, '2026-01-21 11:00:00'),
-- 退休生活40
(126, 40, 54, 1.50, 0.10, 0.30, 0.30, 0.50, 0.20, '2026-01-25 15:00:00'),
(127, 40, 55, 0.10, 0.10, 0.00, 0.00, 0.00, 0.00, '2026-01-22 08:30:00'),
-- 补充原有用户的评分
(128, 2, 35, 1.10, 0.10, 0.30, 0.30, 0.50, 0.20, '2026-01-26 09:00:00'),
(129, 3, 45, 1.10, 0.10, 0.30, 0.30, 0.50, 0.20, '2026-01-26 10:00:00'),
(130, 4, 48, 0.90, 0.10, 0.00, 0.30, 0.50, 0.20, '2026-01-26 11:00:00'),
(131, 5, 51, 0.90, 0.10, 0.00, 0.30, 0.50, 0.20, '2026-01-26 14:00:00'),
(132, 6, 77, 0.90, 0.10, 0.00, 0.30, 0.50, 0.20, '2026-01-26 15:00:00'),
(133, 7, 80, 0.90, 0.10, 0.00, 0.30, 0.50, 0.20, '2026-01-27 09:00:00'),
(134, 8, 74, 0.90, 0.10, 0.00, 0.30, 0.50, 0.20, '2026-01-27 10:00:00'),
(135, 10, 73, 0.90, 0.10, 0.00, 0.30, 0.50, 0.20, '2026-01-27 11:00:00'),
(136, 11, 35, 1.10, 0.10, 0.30, 0.30, 0.50, 0.20, '2026-01-28 14:00:00'),
(137, 12, 46, 0.90, 0.10, 0.00, 0.30, 0.50, 0.20, '2026-01-27 15:00:00'),
(138, 13, 49, 0.90, 0.10, 0.00, 0.30, 0.50, 0.20, '2026-01-28 09:00:00'),
(139, 14, 59, 0.90, 0.10, 0.00, 0.30, 0.50, 0.20, '2026-01-28 10:00:00'),
(140, 15, 33, 0.90, 0.10, 0.00, 0.30, 0.50, 0.20, '2026-01-28 11:00:00'),
-- 补充新用户对其他商品的浏览评分
(141, 16, 1, 0.10, 0.10, 0.00, 0.00, 0.00, 0.00, '2026-01-24 09:00:00'),
(142, 17, 9, 0.10, 0.10, 0.00, 0.00, 0.00, 0.00, '2026-01-24 09:30:00'),
(143, 18, 11, 0.10, 0.10, 0.00, 0.00, 0.00, 0.00, '2026-01-24 10:00:00'),
(144, 19, 2, 0.10, 0.10, 0.00, 0.00, 0.00, 0.00, '2026-01-24 10:30:00'),
(145, 20, 9, 0.10, 0.10, 0.00, 0.00, 0.00, 0.00, '2026-01-24 11:00:00'),
(146, 21, 1, 0.10, 0.10, 0.00, 0.00, 0.00, 0.00, '2026-01-24 11:30:00'),
(147, 22, 2, 0.10, 0.10, 0.00, 0.00, 0.00, 0.00, '2026-01-24 12:00:00'),
(148, 23, 12, 0.10, 0.10, 0.00, 0.00, 0.00, 0.00, '2026-01-24 12:30:00'),
(149, 24, 13, 0.10, 0.10, 0.00, 0.00, 0.00, 0.00, '2026-01-24 13:00:00'),
(150, 25, 14, 0.10, 0.10, 0.00, 0.00, 0.00, 0.00, '2026-01-24 13:30:00'),
(151, 26, 15, 0.10, 0.10, 0.00, 0.00, 0.00, 0.00, '2026-01-24 14:00:00'),
(152, 27, 16, 0.10, 0.10, 0.00, 0.00, 0.00, 0.00, '2026-01-24 14:30:00'),
(153, 28, 17, 0.10, 0.10, 0.00, 0.00, 0.00, 0.00, '2026-01-24 15:00:00'),
(154, 29, 18, 0.10, 0.10, 0.00, 0.00, 0.00, 0.00, '2026-01-24 15:30:00'),
(155, 30, 19, 0.10, 0.10, 0.00, 0.00, 0.00, 0.00, '2026-01-24 16:00:00'),
(156, 31, 20, 0.10, 0.10, 0.00, 0.00, 0.00, 0.00, '2026-01-24 16:30:00'),
(157, 32, 21, 0.10, 0.10, 0.00, 0.00, 0.00, 0.00, '2026-01-25 08:00:00'),
(158, 33, 22, 0.10, 0.10, 0.00, 0.00, 0.00, 0.00, '2026-01-25 08:30:00'),
(159, 34, 23, 0.10, 0.10, 0.00, 0.00, 0.00, 0.00, '2026-01-25 09:00:00'),
(160, 35, 24, 0.10, 0.10, 0.00, 0.00, 0.00, 0.00, '2026-01-25 09:30:00'),
(161, 36, 25, 0.10, 0.10, 0.00, 0.00, 0.00, 0.00, '2026-01-25 10:00:00'),
(162, 37, 26, 0.10, 0.10, 0.00, 0.00, 0.00, 0.00, '2026-01-25 10:30:00'),
(163, 38, 27, 0.10, 0.10, 0.00, 0.00, 0.00, 0.00, '2026-01-25 11:00:00'),
(164, 39, 28, 0.10, 0.10, 0.00, 0.00, 0.00, 0.00, '2026-01-25 11:30:00'),
(165, 40, 29, 0.10, 0.10, 0.00, 0.00, 0.00, 0.00, '2026-01-25 12:00:00'),
(166, 2, 41, 0.10, 0.10, 0.00, 0.00, 0.00, 0.00, '2026-01-25 12:30:00'),
(167, 3, 47, 0.10, 0.10, 0.00, 0.00, 0.00, 0.00, '2026-01-25 13:00:00'),
(168, 4, 56, 0.10, 0.10, 0.00, 0.00, 0.00, 0.00, '2026-01-25 13:30:00'),
(169, 5, 57, 0.10, 0.10, 0.00, 0.00, 0.00, 0.00, '2026-01-25 14:00:00'),
(170, 6, 61, 0.10, 0.10, 0.00, 0.00, 0.00, 0.00, '2026-01-25 14:30:00'),
(171, 7, 62, 0.10, 0.10, 0.00, 0.00, 0.00, 0.00, '2026-01-25 15:00:00'),
(172, 8, 64, 0.10, 0.10, 0.00, 0.00, 0.00, 0.00, '2026-01-25 15:30:00'),
(173, 10, 65, 0.10, 0.10, 0.00, 0.00, 0.00, 0.00, '2026-01-25 16:00:00'),
(174, 11, 66, 0.10, 0.10, 0.00, 0.00, 0.00, 0.00, '2026-01-25 16:30:00'),
(175, 12, 67, 0.10, 0.10, 0.00, 0.00, 0.00, 0.00, '2026-01-26 08:00:00'),
(176, 13, 68, 0.10, 0.10, 0.00, 0.00, 0.00, 0.00, '2026-01-26 08:30:00'),
(177, 14, 69, 0.10, 0.10, 0.00, 0.00, 0.00, 0.00, '2026-01-26 09:00:00'),
(178, 15, 70, 0.10, 0.10, 0.00, 0.00, 0.00, 0.00, '2026-01-26 09:30:00'),
(179, 16, 71, 0.10, 0.10, 0.00, 0.00, 0.00, 0.00, '2026-01-26 10:00:00'),
(180, 17, 72, 0.10, 0.10, 0.00, 0.00, 0.00, 0.00, '2026-01-26 10:30:00'),
(181, 18, 73, 0.10, 0.10, 0.00, 0.00, 0.00, 0.00, '2026-01-26 11:00:00'),
(182, 19, 74, 0.10, 0.10, 0.00, 0.00, 0.00, 0.00, '2026-01-26 11:30:00'),
(183, 20, 75, 0.10, 0.10, 0.00, 0.00, 0.00, 0.00, '2026-01-26 12:00:00'),
(184, 21, 76, 0.10, 0.10, 0.00, 0.00, 0.00, 0.00, '2026-01-26 12:30:00'),
(185, 22, 77, 0.10, 0.10, 0.00, 0.00, 0.00, 0.00, '2026-01-26 13:00:00'),
(186, 23, 78, 0.10, 0.10, 0.00, 0.00, 0.00, 0.00, '2026-01-26 13:30:00'),
(187, 24, 79, 0.10, 0.10, 0.00, 0.00, 0.00, 0.00, '2026-01-26 14:00:00'),
(188, 25, 80, 0.10, 0.10, 0.00, 0.00, 0.00, 0.00, '2026-01-26 14:30:00'),
(189, 26, 34, 0.10, 0.10, 0.00, 0.00, 0.00, 0.00, '2026-01-26 15:00:00'),
(190, 27, 35, 0.10, 0.10, 0.00, 0.00, 0.00, 0.00, '2026-01-26 15:30:00'),
(191, 28, 36, 0.10, 0.10, 0.00, 0.00, 0.00, 0.00, '2026-01-26 16:00:00'),
(192, 29, 37, 0.10, 0.10, 0.00, 0.00, 0.00, 0.00, '2026-01-26 16:30:00'),
(193, 30, 38, 0.10, 0.10, 0.00, 0.00, 0.00, 0.00, '2026-01-27 08:00:00'),
(194, 31, 39, 0.10, 0.10, 0.00, 0.00, 0.00, 0.00, '2026-01-27 08:30:00'),
(195, 32, 40, 0.10, 0.10, 0.00, 0.00, 0.00, 0.00, '2026-01-27 09:00:00'),
(196, 33, 41, 0.10, 0.10, 0.00, 0.00, 0.00, 0.00, '2026-01-27 09:30:00'),
(197, 34, 42, 0.10, 0.10, 0.00, 0.00, 0.00, 0.00, '2026-01-27 10:00:00'),
(198, 35, 43, 0.10, 0.10, 0.00, 0.00, 0.00, 0.00, '2026-01-27 10:30:00'),
(199, 36, 44, 0.10, 0.10, 0.00, 0.00, 0.00, 0.00, '2026-01-27 11:00:00'),
(200, 37, 45, 0.10, 0.10, 0.00, 0.00, 0.00, 0.00, '2026-01-27 11:30:00'),
(201, 38, 46, 0.10, 0.10, 0.00, 0.00, 0.00, 0.00, '2026-01-27 12:00:00'),
(202, 39, 47, 0.10, 0.10, 0.00, 0.00, 0.00, 0.00, '2026-01-27 12:30:00'),
(203, 40, 48, 0.10, 0.10, 0.00, 0.00, 0.00, 0.00, '2026-01-27 13:00:00'),
(204, 2, 49, 0.10, 0.10, 0.00, 0.00, 0.00, 0.00, '2026-01-27 13:30:00'),
(205, 3, 50, 0.10, 0.10, 0.00, 0.00, 0.00, 0.00, '2026-01-27 14:00:00'),
(206, 4, 51, 0.10, 0.10, 0.00, 0.00, 0.00, 0.00, '2026-01-27 14:30:00'),
(207, 5, 52, 0.10, 0.10, 0.00, 0.00, 0.00, 0.00, '2026-01-27 15:00:00'),
(208, 6, 53, 0.10, 0.10, 0.00, 0.00, 0.00, 0.00, '2026-01-27 15:30:00'),
(209, 7, 54, 0.10, 0.10, 0.00, 0.00, 0.00, 0.00, '2026-01-27 16:00:00'),
(210, 8, 55, 0.10, 0.10, 0.00, 0.00, 0.00, 0.00, '2026-01-27 16:30:00'),
(211, 10, 56, 0.10, 0.10, 0.00, 0.00, 0.00, 0.00, '2026-01-28 08:00:00'),
(212, 11, 57, 0.10, 0.10, 0.00, 0.00, 0.00, 0.00, '2026-01-28 08:30:00'),
(213, 12, 58, 0.10, 0.10, 0.00, 0.00, 0.00, 0.00, '2026-01-28 09:00:00'),
(214, 13, 59, 0.10, 0.10, 0.00, 0.00, 0.00, 0.00, '2026-01-28 09:30:00'),
(215, 14, 60, 0.10, 0.10, 0.00, 0.00, 0.00, 0.00, '2026-01-28 10:00:00'),
(216, 15, 61, 0.10, 0.10, 0.00, 0.00, 0.00, 0.00, '2026-01-28 10:30:00'),
-- 新用户购买评分补充
(217, 16, 35, 1.10, 0.10, 0.30, 0.30, 0.50, 0.20, '2026-01-26 08:30:00'),
(218, 17, 46, 0.90, 0.10, 0.00, 0.30, 0.50, 0.20, '2026-01-27 15:00:00'),
(219, 18, 79, 0.70, 0.10, 0.00, 0.30, 0.00, 0.20, '2026-01-29 15:00:00'),
(220, 19, 40, 0.70, 0.10, 0.30, 0.30, 0.00, 0.00, '2026-01-26 09:00:00'),
(221, 20, 46, 0.70, 0.10, 0.00, 0.30, 0.00, 0.00, '2026-01-26 09:30:00'),
(222, 21, 75, 0.70, 0.10, 0.00, 0.30, 0.00, 0.20, '2026-01-30 10:00:00'),
(223, 22, 22, 0.40, 0.10, 0.00, 0.30, 0.00, 0.00, '2026-01-26 10:30:00'),
(224, 23, 67, 0.70, 0.10, 0.30, 0.30, 0.00, 0.00, '2026-01-26 11:00:00'),
(225, 24, 61, 0.70, 0.10, 0.00, 0.30, 0.00, 0.20, '2026-01-30 11:00:00'),
(226, 25, 45, 0.40, 0.10, 0.30, 0.30, 0.00, 0.00, '2026-01-26 12:00:00'),
(227, 26, 76, 0.70, 0.10, 0.00, 0.30, 0.00, 0.00, '2026-01-26 12:30:00'),
(228, 27, 55, 0.70, 0.10, 0.00, 0.30, 0.00, 0.00, '2026-01-26 13:00:00'),
(229, 28, 57, 0.70, 0.10, 0.30, 0.30, 0.00, 0.20, '2026-01-29 09:00:00'),
(230, 29, 72, 0.70, 0.10, 0.00, 0.00, 0.00, 0.20, '2026-01-29 10:00:00'),
(231, 38, 68, 0.70, 0.10, 0.30, 0.00, 0.00, 0.20, '2026-01-29 14:00:00'),
(232, 12, 63, 0.70, 0.10, 0.30, 0.00, 0.50, 0.20, '2026-01-26 09:30:00'),
(233, 24, 74, 0.10, 0.10, 0.00, 0.00, 0.00, 0.00, '2026-01-21 10:00:00'),
(234, 29, 70, 0.10, 0.10, 0.00, 0.00, 0.00, 0.00, '2026-01-21 09:00:00'),
(235, 38, 69, 0.10, 0.10, 0.00, 0.00, 0.00, 0.00, '2026-01-21 10:30:00');

-- =============================================
-- 重置自增ID
-- =============================================
ALTER TABLE sys_user AUTO_INCREMENT = 41;
ALTER TABLE product_category AUTO_INCREMENT = 11;
ALTER TABLE product AUTO_INCREMENT = 81;
ALTER TABLE cart AUTO_INCREMENT = 73;
ALTER TABLE order_info AUTO_INCREMENT = 56;
ALTER TABLE order_item AUTO_INCREMENT = 78;
ALTER TABLE product_comment AUTO_INCREMENT = 68;
ALTER TABLE browse_history AUTO_INCREMENT = 245;
ALTER TABLE user_favorite AUTO_INCREMENT = 99;
ALTER TABLE forum_post AUTO_INCREMENT = 34;
ALTER TABLE forum_comment AUTO_INCREMENT = 124;
ALTER TABLE user_product_rating AUTO_INCREMENT = 236;
