-- =============================================
-- 商城推荐系统 测试数据
-- 日期范围：2026-01-10 至 2026-01-23
-- =============================================

USE mall_recommendation;

-- 清空现有数据（按外键顺序）
SET FOREIGN_KEY_CHECKS = 0;
TRUNCATE TABLE user_product_rating;
TRUNCATE TABLE browse_history;
TRUNCATE TABLE user_favorite;
TRUNCATE TABLE forum_comment;
TRUNCATE TABLE forum_post;
TRUNCATE TABLE product_comment;
TRUNCATE TABLE order_item;
TRUNCATE TABLE order_info;
TRUNCATE TABLE cart;
TRUNCATE TABLE product;
TRUNCATE TABLE product_category;
TRUNCATE TABLE sys_user;
SET FOREIGN_KEY_CHECKS = 1;

-- =============================================
-- 1. 用户数据（密码都是123456）
-- =============================================
INSERT INTO `sys_user` (`id`, `username`, `password`, `nickname`, `avatar`, `email`, `phone`, `gender`, `role`, `status`, `create_time`) VALUES
(1, 'admin', '$2a$10$Tnv5Vxbz/7g/gYtwi1aLV.KozFf1x1QVYvTry7E/GcrDCKeFvj0Ze', '系统管理员', 'https://cube.elemecdn.com/0/88/03b0d39583f48206768a7534e55bcpng.png', 'admin@mall.com', '13800000000', 1, 1, 1, '2026-01-10 08:00:00'),
(2, 'zhangsan', '$2a$10$znB89XMFgBEePy1Cfww1Z.dcZaRckPQ668Vi0zD7SxHo9ls6WS9YO', '张三', 'https://picsum.photos/id/64/200/200', 'zhangsan@qq.com', '13811111111', 1, 0, 1, '2026-01-10 09:00:00'),
(3, 'lisi', '$2a$10$znB89XMFgBEePy1Cfww1Z.dcZaRckPQ668Vi0zD7SxHo9ls6WS9YO', '李四', 'https://picsum.photos/id/65/200/200', 'lisi@qq.com', '13822222222', 1, 0, 1, '2026-01-10 10:00:00'),
(4, 'wangwu', '$2a$10$znB89XMFgBEePy1Cfww1Z.dcZaRckPQ668Vi0zD7SxHo9ls6WS9YO', '王五', 'https://picsum.photos/id/66/200/200', 'wangwu@qq.com', '13833333333', 2, 0, 1, '2026-01-11 08:00:00'),
(5, 'zhaoliu', '$2a$10$znB89XMFgBEePy1Cfww1Z.dcZaRckPQ668Vi0zD7SxHo9ls6WS9YO', '赵六', 'https://picsum.photos/id/67/200/200', 'zhaoliu@qq.com', '13844444444', 1, 0, 1, '2026-01-11 09:00:00'),
(6, 'xiaoming', '$2a$10$znB89XMFgBEePy1Cfww1Z.dcZaRckPQ668Vi0zD7SxHo9ls6WS9YO', '小明', 'https://picsum.photos/id/68/200/200', 'xiaoming@qq.com', '13855555555', 1, 0, 1, '2026-01-12 10:00:00'),
(7, 'xiaohong', '$2a$10$znB89XMFgBEePy1Cfww1Z.dcZaRckPQ668Vi0zD7SxHo9ls6WS9YO', '小红', 'https://picsum.photos/id/69/200/200', 'xiaohong@qq.com', '13866666666', 2, 0, 1, '2026-01-12 11:00:00'),
(8, 'test01', '$2a$10$znB89XMFgBEePy1Cfww1Z.dcZaRckPQ668Vi0zD7SxHo9ls6WS9YO', '测试用户01', 'https://picsum.photos/id/70/200/200', 'test01@qq.com', '13877777777', 0, 0, 1, '2026-01-13 08:00:00'),
(9, 'test02', '$2a$10$znB89XMFgBEePy1Cfww1Z.dcZaRckPQ668Vi0zD7SxHo9ls6WS9YO', '测试用户02', 'https://picsum.photos/id/71/200/200', 'test02@qq.com', '13888888888', 0, 0, 0, '2026-01-13 09:00:00'),
(10, 'seller01', '$2a$10$znB89XMFgBEePy1Cfww1Z.dcZaRckPQ668Vi0zD7SxHo9ls6WS9YO', '卖家小王', 'https://picsum.photos/id/72/200/200', 'seller01@qq.com', '13899999999', 1, 0, 1, '2026-01-14 10:00:00');

-- =============================================
-- 2. 商品分类
-- =============================================
INSERT INTO `product_category` (`id`, `name`, `parent_id`, `sort`, `icon`, `status`, `create_time`) VALUES
(1, '数码电子', 0, 1, 'https://img.icons8.com/color/96/electronics.png', 1, '2026-01-10 08:00:00'),
(2, '服装服饰', 0, 2, 'https://img.icons8.com/color/96/clothes.png', 1, '2026-01-10 08:00:00'),
(3, '食品饮料', 0, 3, 'https://img.icons8.com/color/96/food-and-wine.png', 1, '2026-01-10 08:00:00'),
(4, '家居用品', 0, 4, 'https://img.icons8.com/color/96/home.png', 1, '2026-01-10 08:00:00'),
(5, '图书文具', 0, 5, 'https://img.icons8.com/color/96/books.png', 1, '2026-01-10 08:00:00'),
(6, '手机', 1, 1, NULL, 1, '2026-01-10 08:00:00'),
(7, '电脑', 1, 2, NULL, 1, '2026-01-10 08:00:00'),
(8, '耳机', 1, 3, NULL, 1, '2026-01-10 08:00:00'),
(9, '男装', 2, 1, NULL, 1, '2026-01-10 08:00:00'),
(10, '女装', 2, 2, NULL, 1, '2026-01-10 08:00:00');

-- =============================================
-- 3. 商品数据
-- =============================================
INSERT INTO `product` (`id`, `name`, `category_id`, `user_id`, `price`, `original_price`, `stock`, `sales`, `main_image`, `images`, `description`, `detail`, `status`, `view_count`, `create_time`) VALUES
(1, 'iPhone 15 Pro Max 256GB', 6, 1, 9999.00, 10999.00, 100, 520, 'https://picsum.photos/id/1/800/800', 'https://picsum.photos/id/1/800/800,https://picsum.photos/id/2/800/800,https://picsum.photos/id/3/800/800', '苹果最新旗舰手机，A17 Pro芯片，钛金属边框', '<p>iPhone 15 Pro Max 搭载全新A17 Pro芯片，性能强劲。钛金属边框，更轻更耐用。</p>', 1, 2580, '2026-01-10 10:00:00'),
(2, 'MacBook Pro 14英寸 M3芯片', 7, 1, 14999.00, 16999.00, 50, 180, 'https://picsum.photos/id/4/800/800', 'https://picsum.photos/id/4/800/800,https://picsum.photos/id/5/800/800', '苹果笔记本电脑，M3芯片，16GB内存，512GB存储', '<p>MacBook Pro 14英寸，搭载M3芯片，性能卓越，续航持久。</p>', 1, 1200, '2026-01-10 11:00:00'),
(3, 'AirPods Pro 2代', 8, 1, 1899.00, 1999.00, 200, 890, 'https://picsum.photos/id/6/800/800', 'https://picsum.photos/id/6/800/800,https://picsum.photos/id/7/800/800', '苹果无线降噪耳机，主动降噪，空间音频', '<p>AirPods Pro 第二代，全新H2芯片，降噪效果提升2倍。</p>', 1, 3500, '2026-01-10 12:00:00'),
(4, '华为Mate 60 Pro', 6, 1, 6999.00, 7499.00, 80, 420, 'https://picsum.photos/id/8/800/800', 'https://picsum.photos/id/8/800/800,https://picsum.photos/id/9/800/800', '华为旗舰手机，麒麟芯片，卫星通话', '<p>华为Mate 60 Pro，搭载麒麟9000S芯片，支持卫星通话功能。</p>', 1, 1800, '2026-01-11 09:00:00'),
(5, '小米14 Ultra', 6, 10, 5999.00, 6299.00, 120, 350, 'https://picsum.photos/id/10/800/800', 'https://picsum.photos/id/10/800/800,https://picsum.photos/id/11/800/800', '小米旗舰手机，徕卡影像，骁龙8 Gen3', '<p>小米14 Ultra，与徕卡联合研发影像系统，拍照旗舰。</p>', 1, 1500, '2026-01-11 10:00:00'),
(6, '联想ThinkPad X1 Carbon', 7, 1, 11999.00, 13999.00, 30, 85, 'https://picsum.photos/id/12/800/800', 'https://picsum.photos/id/12/800/800,https://picsum.photos/id/13/800/800', '商务轻薄本，14英寸，i7处理器，16GB内存', '<p>ThinkPad X1 Carbon，商务人士首选，轻薄便携，性能强劲。</p>', 1, 650, '2026-01-11 11:00:00'),
(7, '索尼WH-1000XM5', 8, 1, 2499.00, 2999.00, 150, 280, 'https://picsum.photos/id/14/800/800', 'https://picsum.photos/id/14/800/800,https://picsum.photos/id/15/800/800', '索尼旗舰降噪耳机，30小时续航', '<p>索尼WH-1000XM5，业界顶级降噪，佩戴舒适，音质出色。</p>', 1, 980, '2026-01-12 09:00:00'),
(8, '优衣库男士羽绒服', 9, 10, 599.00, 799.00, 300, 1200, 'https://picsum.photos/id/16/800/800', 'https://picsum.photos/id/16/800/800,https://picsum.photos/id/17/800/800', '轻薄保暖羽绒服，90%白鸭绒', '<p>优衣库经典款羽绒服，轻薄保暖，多色可选。</p>', 1, 4500, '2026-01-12 10:00:00'),
(9, 'Nike Air Max 270', 9, 1, 899.00, 1099.00, 200, 650, 'https://picsum.photos/id/18/800/800', 'https://picsum.photos/id/18/800/800,https://picsum.photos/id/19/800/800', '耐克气垫运动鞋，舒适透气', '<p>Nike Air Max 270，大气垫设计，缓震舒适，时尚百搭。</p>', 1, 2200, '2026-01-12 11:00:00'),
(10, '连衣裙女夏季新款', 10, 10, 299.00, 399.00, 500, 2100, 'https://picsum.photos/id/20/800/800', 'https://picsum.photos/id/20/800/800,https://picsum.photos/id/21/800/800', '碎花连衣裙，清新甜美风格', '<p>夏季新款连衣裙，碎花设计，清新甜美，显瘦显高。</p>', 1, 6800, '2026-01-13 09:00:00'),
(11, '三只松鼠坚果礼盒', 3, 1, 168.00, 199.00, 1000, 3500, 'https://picsum.photos/id/22/800/800', 'https://picsum.photos/id/22/800/800,https://picsum.photos/id/23/800/800', '混合坚果礼盒，8种坚果，送礼佳品', '<p>三只松鼠坚果礼盒，精选8种坚果，新鲜美味，送礼首选。</p>', 1, 8900, '2026-01-13 10:00:00'),
(12, '农夫山泉矿泉水24瓶', 3, 1, 39.90, 49.90, 2000, 5800, 'https://picsum.photos/id/24/800/800', 'https://picsum.photos/id/24/800/800', '天然矿泉水，550ml*24瓶', '<p>农夫山泉，天然弱碱性水，健康饮用水首选。</p>', 1, 12000, '2026-01-13 11:00:00'),
(13, '小米智能台灯', 4, 1, 169.00, 199.00, 400, 1800, 'https://picsum.photos/id/25/800/800', 'https://picsum.photos/id/25/800/800,https://picsum.photos/id/26/800/800', '护眼台灯，智能调光，APP控制', '<p>小米智能台灯，无蓝光护眼，支持米家APP控制，多档调光。</p>', 1, 5600, '2026-01-14 09:00:00'),
(14, '宜家收纳盒套装', 4, 10, 89.00, 119.00, 600, 2400, 'https://picsum.photos/id/27/800/800', 'https://picsum.photos/id/27/800/800,https://picsum.photos/id/28/800/800', '桌面收纳盒，3件套，简约设计', '<p>宜家收纳盒套装，简约北欧风，整理桌面好帮手。</p>', 1, 7200, '2026-01-14 10:00:00'),
(15, '《深入理解Java虚拟机》', 5, 1, 89.00, 99.00, 300, 950, 'https://picsum.photos/id/29/800/800', 'https://picsum.photos/id/29/800/800', 'Java开发必读经典，周志明著', '<p>Java开发者必读书籍，深入讲解JVM原理，第3版全新升级。</p>', 1, 3200, '2026-01-14 11:00:00'),
(16, '得力文具套装', 5, 1, 49.90, 69.90, 800, 3200, 'https://picsum.photos/id/30/800/800', 'https://picsum.photos/id/30/800/800,https://picsum.photos/id/31/800/800', '学生文具套装，笔记本+中性笔+荧光笔', '<p>得力文具套装，开学必备，高品质文具组合。</p>', 1, 9500, '2026-01-15 09:00:00'),
(17, 'iPad Air 5代', 7, 1, 4799.00, 5299.00, 60, 220, 'https://picsum.photos/id/32/800/800', 'https://picsum.photos/id/32/800/800,https://picsum.photos/id/33/800/800', '苹果平板电脑，M1芯片，10.9英寸', '<p>iPad Air 第5代，搭载M1芯片，性能强劲，支持Apple Pencil。</p>', 1, 1100, '2026-01-15 10:00:00'),
(18, '戴森V15吸尘器', 4, 1, 4990.00, 5490.00, 40, 120, 'https://picsum.photos/id/34/800/800', 'https://picsum.photos/id/34/800/800,https://picsum.photos/id/35/800/800', '戴森无线吸尘器，激光探测灰尘', '<p>戴森V15，激光探测技术，智能显示灰尘数量，深度清洁。</p>', 1, 680, '2026-01-15 11:00:00'),
(19, '星巴克咖啡豆1kg', 3, 10, 198.00, 238.00, 250, 680, 'https://picsum.photos/id/36/800/800', 'https://picsum.photos/id/36/800/800', '星巴克精选咖啡豆，中度烘焙', '<p>星巴克精选阿拉比卡咖啡豆，中度烘焙，香醇浓郁。</p>', 1, 2100, '2026-01-16 09:00:00'),
(20, '阿迪达斯运动T恤', 9, 1, 299.00, 399.00, 400, 1500, 'https://picsum.photos/id/37/800/800', 'https://picsum.photos/id/37/800/800,https://picsum.photos/id/38/800/800', '速干运动T恤，透气舒适', '<p>阿迪达斯运动T恤，CLIMALITE速干面料，运动必备。</p>', 1, 4800, '2026-01-16 10:00:00');

-- =============================================
-- 4. 购物车数据
-- =============================================
INSERT INTO `cart` (`id`, `user_id`, `product_id`, `quantity`, `selected`, `create_time`) VALUES
(1, 2, 1, 1, 1, '2026-01-15 14:00:00'),
(2, 2, 3, 2, 1, '2026-01-15 14:30:00'),
(3, 2, 11, 1, 0, '2026-01-15 15:00:00'),
(4, 3, 4, 1, 1, '2026-01-16 09:00:00'),
(5, 3, 8, 2, 1, '2026-01-16 09:30:00'),
(6, 4, 10, 3, 1, '2026-01-16 10:00:00'),
(7, 4, 14, 2, 1, '2026-01-16 10:30:00'),
(8, 5, 2, 1, 1, '2026-01-17 08:00:00'),
(9, 5, 7, 1, 0, '2026-01-17 08:30:00'),
(10, 6, 15, 1, 1, '2026-01-17 09:00:00'),
(11, 6, 16, 2, 1, '2026-01-17 09:30:00'),
(12, 7, 9, 1, 1, '2026-01-18 10:00:00'),
(13, 7, 20, 2, 1, '2026-01-18 10:30:00');

-- =============================================
-- 5. 订单数据
-- =============================================
INSERT INTO `order_info` (`id`, `order_no`, `user_id`, `total_amount`, `pay_amount`, `status`, `receiver_name`, `receiver_phone`, `receiver_address`, `remark`, `pay_time`, `deliver_time`, `receive_time`, `create_time`) VALUES
(1, '202601100001', 2, 11898.00, 11898.00, 3, '张三', '13811111111', '北京市朝阳区xxx街道xxx号', '请尽快发货', '2026-01-10 15:00:00', '2026-01-11 09:00:00', '2026-01-13 10:00:00', '2026-01-10 14:00:00'),
(2, '202601110001', 3, 6999.00, 6999.00, 3, '李四', '13822222222', '上海市浦东新区xxx路xxx号', NULL, '2026-01-11 11:00:00', '2026-01-12 08:00:00', '2026-01-14 15:00:00', '2026-01-11 10:30:00'),
(3, '202601120001', 4, 897.00, 897.00, 3, '王五', '13833333333', '广州市天河区xxx大道xxx号', '送货上门', '2026-01-12 14:00:00', '2026-01-13 09:00:00', '2026-01-15 11:00:00', '2026-01-12 13:00:00'),
(4, '202601130001', 5, 14999.00, 14999.00, 2, '赵六', '13844444444', '深圳市南山区xxx科技园xxx栋', NULL, '2026-01-13 16:00:00', '2026-01-14 10:00:00', NULL, '2026-01-13 15:30:00'),
(5, '202601140001', 6, 336.00, 336.00, 2, '小明', '13855555555', '杭州市西湖区xxx小区xxx单元', '工作日送货', '2026-01-14 12:00:00', '2026-01-15 08:00:00', NULL, '2026-01-14 11:00:00'),
(6, '202601150001', 7, 1198.00, 1198.00, 1, '小红', '13866666666', '成都市武侯区xxx街xxx号', NULL, '2026-01-15 17:00:00', NULL, NULL, '2026-01-15 16:00:00'),
(7, '202601160001', 2, 3798.00, 3798.00, 1, '张三', '13811111111', '北京市朝阳区xxx街道xxx号', '周末送货', '2026-01-16 10:00:00', NULL, NULL, '2026-01-16 09:30:00'),
(8, '202601160002', 3, 168.00, 168.00, 0, '李四', '13822222222', '上海市浦东新区xxx路xxx号', NULL, NULL, NULL, NULL, '2026-01-16 14:00:00'),
(9, '202601170001', 4, 598.00, 598.00, 0, '王五', '13833333333', '广州市天河区xxx大道xxx号', NULL, NULL, NULL, NULL, '2026-01-17 11:00:00'),
(10, '202601170002', 8, 2499.00, 2499.00, 4, '测试用户01', '13877777777', '武汉市洪山区xxx路xxx号', '取消订单', NULL, NULL, NULL, '2026-01-17 15:00:00');

-- =============================================
-- 6. 订单明细数据
-- =============================================
INSERT INTO `order_item` (`id`, `order_id`, `product_id`, `product_name`, `product_image`, `price`, `quantity`, `total_price`, `create_time`) VALUES
(1, 1, 1, 'iPhone 15 Pro Max 256GB', 'https://picsum.photos/id/1/800/800', 9999.00, 1, 9999.00, '2026-01-10 14:00:00'),
(2, 1, 3, 'AirPods Pro 2代', 'https://picsum.photos/id/6/800/800', 1899.00, 1, 1899.00, '2026-01-10 14:00:00'),
(3, 2, 4, '华为Mate 60 Pro', 'https://picsum.photos/id/8/800/800', 6999.00, 1, 6999.00, '2026-01-11 10:30:00'),
(4, 3, 10, '连衣裙女夏季新款', 'https://picsum.photos/id/20/800/800', 299.00, 2, 598.00, '2026-01-12 13:00:00'),
(5, 3, 10, '连衣裙女夏季新款', 'https://picsum.photos/id/20/800/800', 299.00, 1, 299.00, '2026-01-12 13:00:00'),
(6, 4, 2, 'MacBook Pro 14英寸 M3芯片', 'https://picsum.photos/id/4/800/800', 14999.00, 1, 14999.00, '2026-01-13 15:30:00'),
(7, 5, 11, '三只松鼠坚果礼盒', 'https://picsum.photos/id/22/800/800', 168.00, 2, 336.00, '2026-01-14 11:00:00'),
(8, 6, 8, '优衣库男士羽绒服', 'https://picsum.photos/id/16/800/800', 599.00, 2, 1198.00, '2026-01-15 16:00:00'),
(9, 7, 3, 'AirPods Pro 2代', 'https://picsum.photos/id/6/800/800', 1899.00, 2, 3798.00, '2026-01-16 09:30:00'),
(10, 8, 11, '三只松鼠坚果礼盒', 'https://picsum.photos/id/22/800/800', 168.00, 1, 168.00, '2026-01-16 14:00:00'),
(11, 9, 8, '优衣库男士羽绒服', 'https://picsum.photos/id/16/800/800', 599.00, 1, 598.00, '2026-01-17 11:00:00'),
(12, 10, 7, '索尼WH-1000XM5', 'https://picsum.photos/id/14/800/800', 2499.00, 1, 2499.00, '2026-01-17 15:00:00');

-- =============================================
-- 7. 商品留言数据
-- =============================================
INSERT INTO `product_comment` (`id`, `product_id`, `user_id`, `content`, `rating`, `reply_content`, `reply_time`, `reply_user_id`, `status`, `create_time`) VALUES
(1, 1, 2, '手机非常好用，拍照效果很棒，物流也很快！', 5, '感谢您的支持，欢迎再次购买！', '2026-01-14 09:00:00', 1, 1, '2026-01-13 15:00:00'),
(2, 1, 3, '外观漂亮，性能强劲，就是价格有点贵', 4, NULL, NULL, NULL, 1, '2026-01-14 10:00:00'),
(3, 3, 2, '降噪效果很好，音质也不错，推荐购买', 5, '感谢好评！', '2026-01-15 10:00:00', 1, 1, '2026-01-14 16:00:00'),
(4, 4, 3, '华为手机质量很好，信号也很稳定', 5, NULL, NULL, NULL, 1, '2026-01-15 11:00:00'),
(5, 8, 4, '羽绒服很保暖，穿着舒适，性价比高', 5, '感谢您的认可！', '2026-01-16 09:00:00', 1, 1, '2026-01-15 14:00:00'),
(6, 10, 4, '裙子很漂亮，面料舒适，尺码也很准', 5, NULL, NULL, NULL, 1, '2026-01-16 10:00:00'),
(7, 11, 5, '坚果很新鲜，包装精美，送人很有面子', 5, '感谢支持，祝您生活愉快！', '2026-01-17 08:00:00', 1, 1, '2026-01-16 15:00:00'),
(8, 2, 5, '电脑性能很强，办公效率提升很多', 5, NULL, NULL, NULL, 1, '2026-01-17 09:00:00'),
(9, 15, 6, '书的内容很深入，对理解JVM很有帮助', 5, NULL, NULL, NULL, 1, '2026-01-17 14:00:00'),
(10, 7, 7, '耳机音质很好，降噪效果一流', 4, NULL, NULL, NULL, 1, '2026-01-18 10:00:00'),
(11, 9, 7, '鞋子很舒服，穿着跑步很轻松', 5, NULL, NULL, NULL, 1, '2026-01-18 11:00:00'),
(12, 13, 8, '台灯护眼效果好，亮度可调节，很实用', 5, '感谢好评！', '2026-01-18 15:00:00', 1, 1, '2026-01-18 14:00:00');

-- =============================================
-- 8. 浏览记录数据
-- =============================================
INSERT INTO `browse_history` (`id`, `user_id`, `product_id`, `browse_time`, `duration`) VALUES
(1, 2, 1, '2026-01-15 10:00:00', 120),
(2, 2, 2, '2026-01-15 10:30:00', 90),
(3, 2, 3, '2026-01-15 11:00:00', 60),
(4, 2, 4, '2026-01-15 11:30:00', 45),
(5, 2, 11, '2026-01-15 14:00:00', 30),
(6, 3, 4, '2026-01-16 08:00:00', 150),
(7, 3, 5, '2026-01-16 08:30:00', 80),
(8, 3, 8, '2026-01-16 09:00:00', 60),
(9, 4, 10, '2026-01-16 09:30:00', 100),
(10, 4, 9, '2026-01-16 10:00:00', 70),
(11, 4, 14, '2026-01-16 10:30:00', 40),
(12, 5, 2, '2026-01-17 07:30:00', 200),
(13, 5, 6, '2026-01-17 08:00:00', 120),
(14, 5, 7, '2026-01-17 08:30:00', 90),
(15, 6, 15, '2026-01-17 09:00:00', 180),
(16, 6, 16, '2026-01-17 09:30:00', 60),
(17, 7, 9, '2026-01-18 09:00:00', 80),
(18, 7, 20, '2026-01-18 09:30:00', 70),
(19, 7, 8, '2026-01-18 10:00:00', 50),
(20, 8, 13, '2026-01-18 14:00:00', 90);

-- =============================================
-- 9. 用户收藏数据
-- =============================================
INSERT INTO `user_favorite` (`id`, `user_id`, `product_id`, `create_time`) VALUES
(1, 2, 1, '2026-01-15 10:05:00'),
(2, 2, 3, '2026-01-15 11:05:00'),
(3, 2, 17, '2026-01-15 12:00:00'),
(4, 3, 4, '2026-01-16 08:10:00'),
(5, 3, 5, '2026-01-16 08:40:00'),
(6, 4, 10, '2026-01-16 09:35:00'),
(7, 4, 9, '2026-01-16 10:05:00'),
(8, 5, 2, '2026-01-17 07:35:00'),
(9, 5, 6, '2026-01-17 08:10:00'),
(10, 6, 15, '2026-01-17 09:10:00'),
(11, 7, 9, '2026-01-18 09:10:00'),
(12, 7, 20, '2026-01-18 09:40:00'),
(13, 8, 13, '2026-01-18 14:10:00'),
(14, 8, 18, '2026-01-18 14:30:00');

-- =============================================
-- 10. 论坛帖子数据
-- =============================================
INSERT INTO `forum_post` (`id`, `user_id`, `title`, `content`, `type`, `images`, `view_count`, `comment_count`, `status`, `create_time`) VALUES
(1, 2, '分享一下我的iPhone 15 Pro Max使用体验', '用了一周了，感觉非常棒！拍照效果提升很大，A17芯片性能强劲，游戏运行流畅。钛金属边框手感很好，比之前的不锈钢轻很多。大家有什么问题可以问我~', 2, 'https://picsum.photos/id/40/800/600,https://picsum.photos/id/41/800/600', 580, 3, 1, '2026-01-14 16:00:00'),
(2, 3, '求推荐一款性价比高的笔记本电脑', '预算1万左右，主要用来办公和偶尔玩游戏，大家有什么好的推荐吗？', 0, NULL, 320, 2, 1, '2026-01-15 09:00:00'),
(3, 10, '【志愿者招募】社区公益活动需要帮手', '我们社区将在下周末举办公益活动，需要志愿者帮忙。活动内容包括：环境清洁、物资分发等。有意向的朋友请留言报名！时间：1月20日上午9点-12点，地点：xxx社区广场', 1, 'https://picsum.photos/id/42/800/600', 450, 4, 1, '2026-01-15 14:00:00'),
(4, 4, '今天收到的连衣裙太好看了！', '在商城买的碎花连衣裙今天到了，质量很好，穿上很显瘦！推荐给大家~', 2, 'https://picsum.photos/id/43/800/600,https://picsum.photos/id/44/800/600', 680, 2, 1, '2026-01-16 11:00:00'),
(5, 5, '程序员必读书籍推荐', '最近在看《深入理解Java虚拟机》，内容很深入，对理解JVM原理很有帮助。推荐给各位Java开发者！另外还有《Effective Java》也很不错。', 0, NULL, 420, 3, 1, '2026-01-17 10:00:00'),
(6, 6, '【志愿者招募】图书馆整理志愿者', '市图书馆需要志愿者帮忙整理图书，每周六下午2点-5点，有兴趣的朋友可以报名参加。提供志愿者证书和午餐补贴。', 1, NULL, 280, 2, 1, '2026-01-17 15:00:00'),
(7, 7, '运动装备选购心得分享', '最近入手了Nike Air Max 270和阿迪达斯运动T恤，穿着跑步非常舒服。气垫鞋缓震效果很好，T恤速干透气。分享给喜欢运动的朋友们！', 2, 'https://picsum.photos/id/45/800/600', 350, 1, 1, '2026-01-18 11:00:00'),
(8, 8, '智能家居产品使用体验', '入手了小米智能台灯和戴森吸尘器，智能台灯护眼效果好，可以用APP控制很方便。戴森吸尘器吸力强劲，清洁效果很好。', 2, 'https://picsum.photos/id/46/800/600', 220, 1, 1, '2026-01-18 15:00:00');

-- =============================================
-- 11. 论坛评论数据
-- =============================================
INSERT INTO `forum_comment` (`id`, `post_id`, `user_id`, `content`, `parent_id`, `status`, `create_time`) VALUES
(1, 1, 3, '看起来不错，请问续航怎么样？', 0, 1, '2026-01-14 17:00:00'),
(2, 1, 2, '续航比上一代好很多，正常使用一天没问题', 1, 1, '2026-01-14 17:30:00'),
(3, 1, 4, '种草了，准备入手一台', 0, 1, '2026-01-14 18:00:00'),
(4, 2, 5, '推荐ThinkPad X1 Carbon，商务本首选', 0, 1, '2026-01-15 10:00:00'),
(5, 2, 6, 'MacBook Pro也不错，就是价格稍贵', 0, 1, '2026-01-15 11:00:00'),
(6, 3, 4, '我报名参加！', 0, 1, '2026-01-15 15:00:00'),
(7, 3, 7, '支持公益活动，我也报名', 0, 1, '2026-01-15 16:00:00'),
(8, 3, 6, '请问需要带什么吗？', 0, 1, '2026-01-15 17:00:00'),
(9, 3, 10, '不需要带东西，我们会准备好物资的', 8, 1, '2026-01-15 17:30:00'),
(10, 4, 7, '好看！求链接', 0, 1, '2026-01-16 12:00:00'),
(11, 4, 4, '在商城搜索"连衣裙女夏季新款"就能找到', 10, 1, '2026-01-16 12:30:00'),
(12, 5, 6, '这本书确实很经典，我也在看', 0, 1, '2026-01-17 11:00:00'),
(13, 5, 8, '感谢推荐，已加入购物车', 0, 1, '2026-01-17 12:00:00'),
(14, 5, 3, '《代码整洁之道》也很推荐', 0, 1, '2026-01-17 13:00:00'),
(15, 6, 7, '我想报名，请问怎么联系？', 0, 1, '2026-01-17 16:00:00'),
(16, 6, 6, '可以私信我，我发你联系方式', 15, 1, '2026-01-17 16:30:00'),
(17, 7, 4, '运动装备确实要选好的，舒适最重要', 0, 1, '2026-01-18 12:00:00'),
(18, 8, 5, '小米智能家居性价比很高', 0, 1, '2026-01-18 16:00:00');

-- =============================================
-- 12. 用户商品评分数据（用于协同过滤算法）
-- =============================================
INSERT INTO `user_product_rating` (`id`, `user_id`, `product_id`, `rating`, `browse_score`, `cart_score`, `favorite_score`, `buy_score`, `comment_score`, `create_time`) VALUES
-- 用户2的评分数据
(1, 2, 1, 1.60, 0.10, 0.30, 0.30, 0.50, 0.20, '2026-01-15 10:00:00'),
(2, 2, 2, 0.10, 0.10, 0.00, 0.00, 0.00, 0.00, '2026-01-15 10:30:00'),
(3, 2, 3, 1.30, 0.10, 0.30, 0.30, 0.50, 0.20, '2026-01-15 11:00:00'),
(4, 2, 4, 0.10, 0.10, 0.00, 0.00, 0.00, 0.00, '2026-01-15 11:30:00'),
(5, 2, 11, 0.40, 0.10, 0.30, 0.00, 0.00, 0.00, '2026-01-15 14:00:00'),
(6, 2, 17, 0.30, 0.00, 0.00, 0.30, 0.00, 0.00, '2026-01-15 12:00:00'),
-- 用户3的评分数据
(7, 3, 1, 0.20, 0.00, 0.00, 0.00, 0.00, 0.20, '2026-01-14 10:00:00'),
(8, 3, 4, 1.50, 0.10, 0.30, 0.30, 0.50, 0.20, '2026-01-16 08:00:00'),
(9, 3, 5, 0.40, 0.10, 0.00, 0.30, 0.00, 0.00, '2026-01-16 08:30:00'),
(10, 3, 8, 0.40, 0.10, 0.30, 0.00, 0.00, 0.00, '2026-01-16 09:00:00'),
-- 用户4的评分数据
(11, 4, 10, 1.50, 0.10, 0.30, 0.30, 0.50, 0.20, '2026-01-16 09:30:00'),
(12, 4, 9, 0.40, 0.10, 0.00, 0.30, 0.00, 0.00, '2026-01-16 10:00:00'),
(13, 4, 14, 0.40, 0.10, 0.30, 0.00, 0.00, 0.00, '2026-01-16 10:30:00'),
(14, 4, 8, 0.70, 0.00, 0.00, 0.00, 0.50, 0.20, '2026-01-15 14:00:00'),
-- 用户5的评分数据
(15, 5, 2, 1.10, 0.10, 0.30, 0.30, 0.50, 0.20, '2026-01-17 07:30:00'),
(16, 5, 6, 0.40, 0.10, 0.00, 0.30, 0.00, 0.00, '2026-01-17 08:00:00'),
(17, 5, 7, 0.40, 0.10, 0.30, 0.00, 0.00, 0.00, '2026-01-17 08:30:00'),
(18, 5, 11, 0.70, 0.00, 0.00, 0.00, 0.50, 0.20, '2026-01-16 15:00:00'),
-- 用户6的评分数据
(19, 6, 15, 0.90, 0.10, 0.30, 0.30, 0.00, 0.20, '2026-01-17 09:00:00'),
(20, 6, 16, 0.40, 0.10, 0.30, 0.00, 0.00, 0.00, '2026-01-17 09:30:00'),
(21, 6, 11, 0.50, 0.00, 0.00, 0.00, 0.50, 0.00, '2026-01-14 11:00:00'),
-- 用户7的评分数据
(22, 7, 9, 0.90, 0.10, 0.30, 0.30, 0.00, 0.20, '2026-01-18 09:00:00'),
(23, 7, 20, 0.50, 0.10, 0.30, 0.30, 0.00, 0.00, '2026-01-18 09:30:00'),
(24, 7, 8, 0.60, 0.10, 0.00, 0.00, 0.50, 0.00, '2026-01-18 10:00:00'),
(25, 7, 7, 0.20, 0.00, 0.00, 0.00, 0.00, 0.20, '2026-01-18 10:00:00'),
-- 用户8的评分数据
(26, 8, 13, 0.70, 0.10, 0.00, 0.30, 0.00, 0.20, '2026-01-18 14:00:00'),
(27, 8, 18, 0.30, 0.00, 0.00, 0.30, 0.00, 0.00, '2026-01-18 14:30:00');

-- =============================================
-- 重置自增ID
-- =============================================
ALTER TABLE sys_user AUTO_INCREMENT = 11;
ALTER TABLE product_category AUTO_INCREMENT = 11;
ALTER TABLE product AUTO_INCREMENT = 21;
ALTER TABLE cart AUTO_INCREMENT = 14;
ALTER TABLE order_info AUTO_INCREMENT = 11;
ALTER TABLE order_item AUTO_INCREMENT = 13;
ALTER TABLE product_comment AUTO_INCREMENT = 13;
ALTER TABLE browse_history AUTO_INCREMENT = 21;
ALTER TABLE user_favorite AUTO_INCREMENT = 15;
ALTER TABLE forum_post AUTO_INCREMENT = 9;
ALTER TABLE forum_comment AUTO_INCREMENT = 19;
ALTER TABLE user_product_rating AUTO_INCREMENT = 28;
